@LG1/Ov/hPpbTliU;
AacHWfWi	CryptoUtils.getKeyFromQueryJsonMap
BGtxjSpXQaU	android.intent.action.TIMEZONE_CHANGED
BeKXwP	zzg
CIQxRoi	^(1|true|t|on|yes|y)$
FGJMOnVJ	Json string may be malformed.
Fwsswnd	load
HUpqvbetYW	<this>
JrSOT	startColor
KKezmyImG	elements
KoBkumsiK	xx
PBkNcXKOKI	url_thumb
RRkiJslgTVNM	CHROME_CUSTOM_TAB_OPT_OUT
Rvh	CuiMonitor.gettingAppIdFromManifest
UFhTisUOTaE	
UGfkcbh	 should be held!
VLMeFw	com.google.android.gsf
VtuyOemGn	createCalendarEvent
WZyk	com.google.android.gms
bbFgimC	 end=
bnxzCqtySWAmXm	*
dnBCXCzNdhkU	RUNNING
dvePyarfl	, x 
epgjqtsXMHQ	cmd_alpha_b_box
erxiCNl	parent
fpizUtZoZUqC	 attempts remaining)
ibhDpcL	Content-Length
lJGdgwqiTcI	zze
lvjQXJngR	gtm_hits
nJRMUVwPYSWyX	Received result for unexpected method invocation: 
oBPKO	generationalId
oRwAqLibOhMB	gads:spam_app_context:experiment_id
sOimhurROFEU	onResume
sVlrLH	zzx
tPdzbNooiT	Got multiple records for app config, expected one. appId
vhbm	ad_view_signal
wAKAP	creativeType
xCYGwqVhAxkn	zzP
yTXWqTuJDyYbo	delimiter
@LK6/CSO/wTtNmoVzYbh;
CwMO	defaultProcess
DQxPBR	CROP_LIB_CACHE
EMZIl	Expected a List while deserializing, but got a 
GBnegAW	appid
GKMcgTlN	content=
GRG	zzaC
HHtGdNtIKZbaDq	320x50
HUSoJWIhplm	com.yalantis.ucrop.OutputUri
Hgaaff	NC
KurRtGsvIZYwc	Unexpected header: Content-Type
NpF	sizeAndRate.caps
OLPMJFOWZcVLpn	noAdView
RskHNRUgMDFG	triggered_timestamp
TMAb	Points array size should be 8
VPJGR	field 'mProgress'
VeFoeN	The install is already in progress and there is no UI flow to resume.
WoYJNShc	_ec
WsEVTmTz	faw_clipboard_list
WwRASyBnpOem	pcam
XTbLusAqOggZvz	Please fill out the info below and we'll take a look into it. Thanks!\n\nName of wallpaper: 
XbjiGfss	#007 Could not call remote method.
YSaPJMbcnBuFCa	Custom event adapter called onAdClicked.
ZknpsqbjOcMgk	user_upload
dcjeXxTbOB	MoreExecutors.directExecutor()
fPGBKXdRMp	com.google.android.play.core.inappreview.protocol.IInAppReviewService
gmJAxlaI	dev-keys
gmcqfsoGjtGOAgg	Cannot acquire a recycled resource
iinEGKGSFi	connection
itFYFbUpEkk	line
kikoAKMsEj	BZ
kwWyIHBJ	 was cancelled
mNmgPoruin	show overlay display from: %s
pfjiEZbjKR	DISABLE_EARLY_INITIALIZATION
qEGtrIdsG	Unknown variant
vzmxMDSnlehB	
xLOZyDPxio	image
xeANbv	BOOLEAN
xqxj	gads:ad_mob_ad_unit_pattern
xrbx	Failed to setOnPaidEventListener
@LL4/DK/MZXyOirQt;
AfHXzeemWaL	android.intent.action.BATTERY_LOW
CcfKjmmdPhP	measurement.lifetimevalue.max_currency_tracked
DAL	..
DBq	subtype
GInxlVpIbjQJ	Operation is not supported for read-only collection
GogJAWGs	cmd_hdr
HBXrkfjkT	zzf
IrYy	070000004041424344454647
LGhcRQf	zzd
MTJKihGGUPIEDN	gads:bstar_csi:enabled
OHkApoj	com.google.android.gms.ads.internal.client.LiteSdkInfo
OdrWLw	KEM
RIWIdO	alpha
SVTPwovj	gmd_border_color
WRuIBRe	Loaded %d tracked queries in %dms
XnkbKMHRirNa	tag
YUkurVcICDbfO	CharMatcher.is('
YXxpQIGGkCro	The calling app UID (user id) does not match the one from Package Manager.\nSomething is wrong (possibly an attack). Non-actionable.\n
ZrLO	Settings request failed; (status: 
aGQAJL	call to 'resume' before 'invoke' with coroutine
aPy	fetch_timeout_in_seconds
bPfYMkwQbKHOs	x509TrustManager == null
biyqWHeQgjhAjI	cmd_clipboard_text_play
fwrpGfH	cmd_candycane
gtOUk	Error opening database for getNumStoredHits.
hnhFKfeWx	cmd_message_alert_outline
ieGgysfx	instanceState
lJZSl	reportFullyDrawn() for ComponentActivity
nKfLGeoK	sink
nvbMdUMhsxoAI	SemaphoreSegment[id=
pvwlYUAuhSclph	substring(...)
qnhbWgpCgj	, Size:
rbkUhcbgbOLaDPJ	aid
rjQAsTNNbDfXD	swatchLightMuted
tBcdQW	background can not be translucent: #
tqcSHPuhh	playerFailed
uSRbs	Window callback may not be null
@LS0/gU/TQzIjBEOnK;
AVYHEpIDepLOUKx	closed
AadlBTeuXBLp	call to 'resume' before 'invoke' with coroutine
BUOMnAwM	decoder
DwIoEmzGOUUc	: 
FFOfEvzFMgdIc	faw_connectdevelop
FWSthudxJ	gads:viewed_impressions_ttl_ms
FiLFhXSa	)
HXWqeqZsZyBOf	activity
JlOcWISXUZOD	oldSkuPurchaseId
LqG	it
PIZGDcs	offset
QKcrxxoDH	backgroundDispatcher
SYqZJHAURcBolTl	field 'mComplyText'
TOogZFVJXYH	artwork
TppBfTw	backEvent
TttP	cmd_pen_lock
WbTjTfQwZ	com.google.android.apps.muzei.api.GET_LOAD_INFO
aKORWrerUeTUrwx	instr
bIUbguf	cmd_gentoo
bPl	EEE, dd MMM yyyy HH:mm:ss zzz
bRgQQR	:launch
boLRTUFikGtj	uk
ckyGwU	_aa
crvd	health_monitor:start
fCcLKUSRqpX	BannerAdLoader.onFailure
gnzbvOYrZhVoC	javascript_session_service_enabled
gvcKujCKwFvprWi	IAB_TCF_PURPOSE_CREATE_A_PERSONALISED_CONTENT_PROFILE
hfxRQhoibGIr	result
hpprZ	sa
hwXx	,
jSGG	cmd_signal
lRiDBQomWRX	zzx
lezmfRbe	Cannot change indeterminate animation type while the progress indicator is show in indeterminate mode.
oDIR	DecodePath{ dataClass=
pewrIdova	gmd_settings_overscan
qBGwlmh	int_value
qcQjdrKrJE	id
rPtPXwuoMI	The uri must be set.
rWWqsWT	video/avc
sgLRuUEJcCYtt	value
ssaDNiNlmnpzX	gmd_delete_sweep
trey	Host activity was destroyed before Google Play services could be made available.
uMABLfCCe	_ai
vPg	zzg
yWVyptXwy	Operation is not supported for read-only collection
yWnwaqqE	AuthorizePurpose4
@Landroid/media/zts/xzvpEhKrKIFJ;
ASXJHNUMkmsL	decoder
AZnacHWG	In scheduleRefresh: 
AjUzTGjX	gmd_donut_small
AnemBNRbdLeKx	VE
BkwPlySGvsNS	keys
CHkzVgM	Upload data called on the client side before use of service was decided
ERqYc	Unused method
FCXObx	textView cannot be null
FlqvJlwOt	EBMLReadVersion 
Gul	name
GzYQJAvpHgJbF	ST_REFERER_URL
JvqxnBCV	CREATE_OBJECT
LteSsFfNSeuIxU	google.c.a.m_l
MAV	use_external_surround_sound_flag
NNupgpzQrOQfyo	faw_weixin
NzGBAekh	faw_headset
UGZj	google.priority_reduced
UVRtKEzDgqqmqY	}
UmYItRktcvSj	content-encoding
VHKJjFySp	Element at index 
XERDRoCafIymnHV	TLS_DH_anon_WITH_AES_256_CBC_SHA256
aFhsNJkKhhPEbqw	BillingLogger
bCDgfxgQhtViDJd	category
bYMwqwBtLKu	grouper
bnpgZyBym	delegateOpenHelper
boX	expired_event_name
dBjyPThyH	dir
elDClcyIYq	, maxLength=
gLscTsVPYVsy	SessionDetails(sessionId=
gsOqTtNo	zzy
hNLIWPcXchANdo	dir
hRmyPZHt	url
ifIu	GoogleApiHandler
jLvxtKvUWHQXAx	genTextures
jOHVSaTR	scheduler is null
jcqXKTIsT	field 'mToolbar'
lSXPHtNxBGrC	GROUP
luMssEojO	outXyz must have a length of 3.
mMZ	NETWORK_ERR
mVkJkJcSWSUoe	StringBuilder().apply(builderAction).toString()
nJe	auth_api_credentials_check_key_availability
ohfhOvRiS	faw_star_half_alt
twHpPIfd	http/1.0
vsnyncR	' is invalid. It should point to the root of a Firebase Database but it includes a path: 
wBKMSV	No number to parse
weNjtHgmu	logs_file
xIQiSsTxda	blueviolet
@Landroidx/coordinatorlayout/bN/kuNBOSe;
AbwDjcp	creation
BGlZoazRgKXlzQ	pv
BUKwGy	 not found. Known fields are 
CQoZSn	zzh
DNIovnJTkh	GENRE
DTZiQWfQftvY	max-age
ErXxZuzCYYH	ZoomInRight
IGowIH	X.509
IwbCPcPEStXz	size: 
JCIbNUJTxUVmWhv	Headline
KicmxbbXh	Provided FirebaseApp must not be null.
LmIGMDaPDVI	tags
Lspu	
NmOdjLLBVbcUmSa	 content=
SYfYcoVwAmRg	app_clear_data
Vlq	KEY_AVAILABLE_TRACES_FOR_CACHING
WlXDleyZl	com.google.android.finsky.BIND_IN_APP_REVIEW_SERVICE
YOCPrkhJu	faw_blender
YpIFO	returnIdpCredential
YywtctEpYu	ENABLED
abcK	DARKEN
eKmBBz	faw_arrow_alt_circle_down
eVPsLluLpjVR	zze
fOsS	app_muted
ibJp	
jqvTQMwalnnAai	source
jvRlmDGSXmAjHWQ	zzh
kRum	Parent_fragment
lVq	Configured not to require a build ID.
nFmlFsHUHQ	PrefixMap only supports 0 and 5 byte prefixes
oKuYLqxQRMO	libcore.io.DiskLruCache
psuevqVAAUpPb	PATCH
rQXYeumyFPd	isAvailable
uEhMbDZOP	Can't read EXIF tags from file [%s]
uQuHzbBcoIDm	limited_data_modes {\n
vRQn	BAD_PASSWORD
waDHYuQoBV	Success {mOutputData=
yWjsijUqvOCvbzI	scaleY
zTznfAdifKynk	measurement.tcf.consent_fix
zgFtqdHiZmuCwcy	setDeviceLockState
@Landroidx/core/content/gjv/zpEkgznwXY;
AZBecJ	bHzouddPHTqhUNsOeni/FRK++KVVMe5yU+yUqilZ/gg=
AzcedOeTorjbTO	cmd_muffin
BJMwh	1
BSDEWsaZJnoi	Check failed.
EdJkWN	encoder
EjnsMqWk	call
EtRYJOBF	\\h
FFobaHtYgFobzI	faw_odnoklassniki
HApfTGJ	sink
HFxoMkKdnwDhj	origin scheme must be non-empty
HcuXMrSbOhsRCeD	HMAC
HgSOzAmJRfGEYr	set(Ljava/lang/Object;)V
JhXXVfbfR	email
QuSjjyIC	mTask=
SvSvqHH	, scaleX=
UNSyMIdmckYAr	gads:nas_collect_mediaview_matrix:enabled
UgHoXRyVYaiBxs	Off
VHyevQUYZn	fragment
VnetBVIZ	code cannot be null or empty
WJSxRKRZ	]
WZIt	cacheMiss
WsOIh	60
WuNf	sink
YEaPwGuIC	ase=3
YOWba	Pos: %d, limit: %d, len: %d
YuFsSLQNcM	zzD
dDlQMnaRWCCXxHW	ts
dSZGtKELUZfsf	Error parsing AVC config
fdUxmEmoumh	zzf
hlfmCBlHZAgKLxr	gads:sdk_environment_signal_timeout_duration_in_ms
iUAsUvy	This container does not support retaining Map.Entry objects
mnVHCUSaGMKzJm	zzf
oBmM	cmd_file_document
oUfyyrKlNdgfrL	sd_app_measure_npa
qydJWD	create_rewarded_ad
rqsseh	products
snNfAmYh	hl_list
vlTQt	Converting ill-formed UTF-16. Your Protocol Buffer will not round trip correctly!
xigoDWiyPxz	Index:
xztvYpYEatvbQms	GROUP
yrFJMn	gads:skip_constants_signal:enabled
zmKEpWCZXWG	work_account_client_is_whitelisted
zyYEKyIeV	aai
@Landroidx/core/sTR/kfHDloUovMDOu;
BrXmlRieulG	r
DXJwOzFgCZ	$this$toBuilder
HnWa	IntentService[
HqxuNBVh	zzf
KhDzHYfNQC	AD_INSPECTOR_FAILED_TO_LOAD
KiKof	DHKEM_P521_HKDF_SHA512
KjtSjmtnwoMwa	tag
MamMj	unknown class
NvDNtRK	Christian Rock
PURiOB	AES256_EAX_RAW
PhWZqDVfPSwyn	peekByte
RpnvavLKrEg	JSON parsing error
RvHVaTampkvh	Map
TTlCE	Player release timed out.
ThnQYcQR	, container=
ULAvAmoColxY	cmd_sticker
VUIeKmJxuZxYODM	zzL
ViI	android.permission.ACCESS_NETWORK_STATE
YGgbgGtQltGOjW	 transportContext
YcF	, should be >=0
alouTl	null cannot be cast to non-null type kotlinx.coroutines.flow.internal.AbstractSharedFlowSlot<kotlin.Any>
cXpUb	encoder
dGQHyP	image_manager_disk_cache
dYmHpCVOHE	Transfer-Encoding
fsdZyGwZgwf	
jicjsFK	iv is wrong size
kZZWAoGTPYLA	creation_timestamp
luBKsmxsCKxtxcF	image
oKJnSh	BOTH
pztyFa	cmd_delete_restore
raU	MISSING_SGTM_PROXY_INFO
tOFFFlQyZnkL	Message classes must extend GeneratedMessage or GeneratedMessageLite
tdLRFYniAtvB	cmd_do_not_disturb
uUDcenpZuknaYH	While parsing a protocol message, the input ended unexpectedly in the middle of a field.  This could mean either that the input has been truncated or that an embedded message misreported its own length.
uXbeNqiGCtOda	While parsing a protocol message, the input ended unexpectedly in the middle of a field.  This could mean either that the input has been truncated or that an embedded message misreported its own length.
vAWvVQGs	Resource and SupplementedResource are NULL.
vcGVTRprdMotEC	cmd_peace
wRZXuk	gmd_stay_primary_landscape
wkcnZoRrH	, network=null
xEfkMrTeNFFmnb	mRetainInstance=
xHgEBrxHEdUcwmO	Rule function is undefined: 
xTliIeZIp	field 'mWallpaper'
xZYVhY	faw_battery_full
yuMfotdQ	GET_COOKIE_INFO
zQgEMnBn	cmd_cursor_default_click_outline
@Landroidx/credentials/exceptions/SOd/ddWzjytkWAEwA;
BkYaIMsnS	pcbc
BstrTkEEnFhBhI	UPDATE workspec SET next_schedule_time_override=9223372036854775807 WHERE (id=? AND next_schedule_time_override_generation=?)
CeejEQZFeISceY	
CgVzGwalJcoAABF	crashlytics.installation.id
DLhpllCrCDn	 _fr_slo:
DPXEeUYtUQV	NotifManCompat
HBCWiQzq	Unpaired surrogate at index 
HeWzeRscXM	zzc
HhMRpLyyeFHfES	 registrationStatus
JWnFqMoQ	price
JcSkbQ	relative_to
JwMLIyJGmjZ	Invalid input length 
LaQEBrYPzWasz	prices
MmKigR	{
PrVVTquoVxZ	 (
TSopngW	@
TXWphsMdfWzsU	expected a non-null reference
ThYlkEjU	 
TyvRp	ecommerce_use_data_layer
WOkRZDVdtjX	gmd_format_quote
WQJHNQZuPaf	rapid_rollup
XxliTvoGqyZL	zzd
YfyspjJ	com.google.android.gms.ads.internal.util.IWorkManagerUtil
YumVcjDjGa	networkCapabilities
acMKraxgyECoaYE	ISO-8859-1
apckBrTVnzjBoU	Method called before OM SDK activation
brVGBi	@gw_adnetrefresh@
cEinN	node_cache
cTBxWahiTyWsA	TubeSock
ceoNHBaarAEblxw	if-match
cxhfoRfQkSB	Pruning old queries.  Prunable: 
gyvpT	start_signals_timestamp
huVBiQbtewBJhwe	Could not pause webview.
iAYNwtlwl	copyright_link
jPHGLsipJ	, breakStrategy=
jkSFmM	_reg
lyVw	admob_app_id
nuYd	zzl
oXCINUDqzMm	base16()
rbL	
sTiV	faw_mastodon
uxvafR	) for 
wDxc	autoMigrationSpecs
wHUOkLcadZOd	height
yRnPiNifXB	kid
yzVIHFfs	UTF-8
zVCzRfVW	sessionsActivityLifecycleCallbacks
@Landroidx/credentials/playservices/qf/rRJQ;
BYYIGmscM	cmd_flash_auto
CAmNVgaasXZ	Unsupported ticker_defaultPreferredScrollingDirection: 
CkZHjUYI	encoder
CyZLPeQoRpVgX	SHOULD_BUFFER
GsodlvUHeFtqJM	language
GvTBgeyPRFz	Auto
HMeLXKa	&
HRQLexWSsJId	index
HeI	ADD
LGcXvrMJHoegwmT	MESSAGE_LIST
LKtJcPuOddLTdag	, snap=
LZtqoxXCqlzw	ENUM_LIST_PACKED
LuhMszNLRlq	show_interstitial_ad
Lxb	PREMIUM_COLLECTIONS
MDjqrLuzbW	Unexpected control character while reading string
MRBo	faw_bong
NOkvF	app
NyOayfkI	featured
OfLbcOCupnmqK	cmd_rotate_right
PWsv	Failed to close user metadata file.
PaRei	copyOf(this, newSize)
RhLTRcOQOEJVm	 is not attached to window. 
TOiVDQ	Protocol message tag had invalid wire type.
XoY	kotlin.jvm.functions.Function1
YARmCpceK	index
asuctvoz	VersionedParcel encountered IllegalAccessException
auVcyUwmYnZpFhU	metadata
bbqXsg	GROUP_LIST
bvQJUyVgzjcCiE	601LV
bybkSRdoZ	campaign_info_source
cJmgYFOT	device-model
dlKHwIhGdsmR	gmd_volume_up
ftuqrwsrti	ramUsed
iHlgLtbQ	CodedInputStream encountered an embedded string or message which claimed to have negative size.
jFRkf	substring(...)
jXaSTXXk	setPrivacyPreservingApiConsent
kOTGAPS	UTF-8
kTZujeSAu	swatchDark
mAfVRu	audio/g711-mlaw
mOrIN	gmd_book
mYngJfuG	GPSLongitudeRef
ooaVAyvuEG	Remote load failed. No local fallback found.
ozEkFxF	mBaselineAlignedChildIndex of LinearLayout set to an index that is out of bounds.
pBKVhhqiTceePw	zzn
pDZhlLmlVD	CUSTOM_RENDER_SYN
pgQouYHiQWoA	COLOR_DRAWABLE_TYPE
qNuh	, version=
tMp	Art Rock
uMfAA	gcm.n.
vGOFFBDOEIgcQmL	platform method missing - proto runtime falling back to safer methods: 
vSDsB	HmacSha1
yfaJGtNsLz	cmd_file_excel_box
ygcc	subtype
zBQFfHmMpj	ad_close_time_ms
@Landroidx/lifecycle/fl/yuPothKF;
CwmDj	_cis
DWkrcSetPCSBA	cmd_google_play
DwhEYZJYKIwEN	code cannot be null or empty
FtZ	delete(...)
GgGnbnwHdmTn	No second factor identifier is provided.
HjZuh	byteStrings
HzsuRIxDSEbTgnl	_sp
JLYqLzg	 mExitAnim=#
MAWNWvrnfgI	Omid html session error; Video events owner unknown for video creative: 
NIsCWOapzYufry	pivotY
NMdfxqIK	gmd_expand_more
QVRXFbfnQmrV	
RUhqAIjsz	Pending target must be null when starting from the first frame
TEa	statement
TWPAJo	zzp
UbmhAT	Failed parsing '
VFGKUmQoQNJ	buffer_click_url_as_ready_to_ping
WBgdgWLCx	false
WaPCPYyq	Bytes
ZYo	faw_underline
aJffTBRhS	cmd_emoticon_sad_outline
aorSSquSDUAt	call to 'resume' before 'invoke' with coroutine
aruM	prefix
blC	peekByteArray
dXYDoljNQuMR	active
eJvtzQBDD	 => 
fjTcwKaIVCsH	android
gEhTksH	Converting ill-formed UTF-16. Your Protocol Buffer will not round trip correctly!
gSptXZnhWjGW	unsupported zip: spanned
gqLnbSZbD	wall_sort
hDIy	zzf
iZzLSuEjS	zzf
lTgs	AppStatsSignal_AppId
lrJWpbd	, maxChannelCount=
mFjoCFBPSZgWVmE	faw_luggage_cart
moTytHzpwmHq	activity
nVpGznQiZ	UIntArray(storage=
pOG	LOGSID_IP_ADDRESS
pVIXEUmHdXZ	LOAD_WEBVIEW
psthuKB	fileName
qqBpkKleVo	
rdYbqoGO	AES/CBC/PKCS5Padding
rylVx	yyyy:MM:dd HH:mm:ss
tcPpKZtpL	jIv42z2v6FXxayFh75bTXtsxRSsCK/ciQjkFKmgks8cLq7HP+HDebRZyGvyOBC97
tfI	GoogleApiClient#
vKlzBXRd	/
wVnwVEMacvSPX	cmd_movie_roll
ybNAXbdbyUfsz	com.google.android.gms.ads.internal.request.IAdRequestService
yxeIQR	attestation object missing authData
zAP	Muzei
@Lb5/EDX/ynsgWQRo;
AqWbzyIKd	screen_name
AvunodlLsOcsl	AdMobHandler.handleMessage
BYHUWt	Could not get signatures
DRdNjxexDrGmt	App version does not match; dropping. appId
EubS	processor
FJIWc	payload
HZZVYK	faw_file_import
ICsvoiNKtPHzW	\\u
JUCYoAXS	TINK
JzksZanS	Connection interrupted for: 
LfyCgPorC	AES_256_GCM
PDAbA	captchaResponse
PEwCgDEw	 available
PLpYTKIJ	isSimulator
RdzYrIbgzVbsb	gads:csi:enable_app_version
VjSPw	Cannot specify both RECEIVER_EXPORTED and RECEIVER_NOT_EXPORTED
VmyZSkqaok	gads:rtb_v1_1:use_manifest_appid_cld:enabled
WUUzxhyYo	AES128_GCM_SIV_RAW
WcmqnlLs	DROP_LATEST
YtgqjufKQQP	route
azRvvN	://
bEhShLTrWPauDU	ESCAPE
cfGEl	updateEnabledCallbacks
edc	trigger_timeout
fDPO	ActivityTransition [mActivityType=
fQBIsd	gmd_contact_mail
gnkIfd	uri
iBknaE	[sgtm] Uploading data from app. row_id
iUPciV	closed
jSuNwPHVdtBEU	. ErrorMessage = 
jvVaqz	WRAP_CONTENT
lciBjfUgVvEGB	wallId
ljVJSSNF	} inside Resource{
mLXY	faw_synagogue
rEMLKsNL	type.googleapis.com/google.crypto.tink.HpkePrivateKey
wKRMscYCshyJIHN	VendorConsent
wfcYLIMVqHBJWNj	Unable to schedule 
zXAuXQmCi	weight
@Lcom/backdrops/wallpapers/data/item/Constant;
ADD_WALLPAPER_URL	https://www.backdrops.io/walls/add_wallpaper_api.php?user_id=
ALL_ARRAY_NAME	all
BASE_URL	https://www.backdrops.io/walls/
CATEGORY_ARRAY_NAME	entertainment
CATEGORY_CID	cid
CATEGORY_IMAGE_ICON	category_icon
CATEGORY_ITEM_URL	http://www.backdrops.io/walls/api.php?wallpaper_cat_id=
CATEGORY_NAME	category_name
CATEGORY_URL	http://www.backdrops.io/walls/api.php?page=
CAT_ARRAY_NAME	category
DOWNLOADWALL_URL	http://www.backdrops.io/walls/api.php?download=true&wallpaper_id=
DOWNLOAD_ARRAY	entertainment
FAV_ADD_URL	http://www.backdrops.io/walls/api.php?task=fav_add
FAV_GET_URL	http://www.backdrops.io/walls/api.php?task=fav_get
FAV_REMOVE_URL	http://www.backdrops.io/walls/api.php?task=fav_remove
FORGOTPASS_ARRAY_NAME	entertainment
FORGOTPASS_MSG	msg
FORGOTPASS_SUCESS	Success
FORGOTPASS_URL	http://www.backdrops.io/walls/api.php?task=forgot_password
LATEST_ARRAY_NAME	entertainment
LATEST_IMAGE_CATEGORY_NAME	category_name
LATEST_IMAGE_STAR	wallpaper_rate_avg
LATEST_IMAGE_THUMB	wallpaper_thumb
LATEST_IMAGE_URL	wallpaper_image
LATEST_IMAGE_WCOPYRIGHT	copyright_name
LATEST_IMAGE_WCOPYRIGHT_LINK	copyright_link
LATEST_IMAGE_WDCOUNTL	download_count
LATEST_IMAGE_WDESCRIPTION	description
LATEST_IMAGE_WHEIGHT	height
LATEST_IMAGE_WID	id
LATEST_IMAGE_WSIZE	size
LATEST_IMAGE_WTAG	tag
LATEST_IMAGE_WTITLE	title
LATEST_IMAGE_WUSER	user
LATEST_IMAGE_WWIDTH	width
LATEST_URL	http://www.backdrops.io/walls/api.php?task=recent_wallpaper
LOGIN_URL	http://www.backdrops.io/walls/api.php?task=login
PREMIUM_ARRAY_NAME	premium
PREMIUM_URL	http://www.backdrops.io/walls/api.php?task=premium_wallpaper&id=
REGISTERG_URL	http://www.backdrops.io/walls/api.php?task=registerg
REGISTER_URL	http://www.backdrops.io/walls/api.php?task=registration
SERVER_IMAGE_UPFOLDER_CATEGORY	https://www.backdrops.io/walls/upload/
SOCIAL_ARRAY_NAME	social
SOCIAL_URL	http://www.backdrops.io/walls/api.php?task=social_wallpaper&sort=
UPLOAD_WALLPAPERIMG_URL	https://www.backdrops.io/walls/add_wallpaper_api.php
USER_LOGIN_ARRAY	entertainment
USER_LOGIN_ID	user_id
USER_LOGIN_MSG	msg
USER_LOGIN_NAME	user_name
USER_LOGIN_SUCESS	Success
USER_REG_ARRAY	entertainment
USER_REG_MSG	msg
USER_REG_SUCESS	Success
USER_UPLOAD_URL	http://www.backdrops.io/walls/api_test.php?task=user_upload&user_email=
WALLS_URL	http://www.backdrops.io/walls/api.php?task=all_walls
WOTD_ARRAY_NAME	wotd
@Lcom/backdrops/wallpapers/util/iKX/CTAPKBdODgzlTE;
BTQUny	GET
CDRFTaTCszekTDU	index_
GvvCDEPccqrGcqG	Check failed.
HBnED	call to 'resume' before 'invoke' with coroutine
HLbkZogpd	unity
NxqtlcWj	cmd_folder_network_outline
PuVTsMmTNl	Can't finish hashing in the middle processing a child
QxJPRsYbqCR	source
RFIZd	retry_policy
SdhAVBqCGALvy	select app_id from apps where app_id in (select distinct app_id from raw_events) and config_fetched_time < ? order by failed_config_fetch_time limit 1;
UmoQTgIXHcwagu	backoff_delay_duration
WtOD	size too large
WykxlUojRSKVdHd	measurement.log_tag
XGD	UNKNOWN_OS
aHJqJA	MAP
beRDoKJfMLQq	dekParametersForNewKeys must not have ID Requirements
blXvriufqNtiMsG	banner
clOKsYMkS	action
dKcRNQ	=
hoDRyttg	Received intent 
hpJhIBOdMinbF	playcore.integrity.version.patch
ilzDCMskl	char
iqmuLLSbScFxFCd	_iapx
jQgqxdfqdTqp	
mAqFpTCSUdcgQT	app_instance_id
nlWFixKptp	; boundsInScreen: 
oJrWuF	backEvent
oNaviPpZHmqd	null
oxMslYjw	1
pZCGDzWKVpRm	zzl
qBcQ	targetFragment
rzLCOAO	
sVWLnxDdTK	item
uhlaPbbAXYCxzcc	cmd_alarm_check
vFKFCLPTovOnF	com.google.android.gms
vOeCquyyxDLGS	valid
xrEzrl	android.permission.POST_NOTIFICATIONS
xsr	swatch
znREU	Protocol message tag had invalid wire type.
@Lcom/daimajia/androidanimations/library/ZSX/QzTwi;
ARADaYPbt	Ad overlay
BvsV	fIK5mOsPYa+LmT3H4ctpyCeP1IjF5A1bfJROt5z4ppI=
CKeMBwfZBPTT	propertyName
FZpXYwZXaJgPEW	DEVICE_TYPE
GKMQ	Skipping.
HKiJGJHl	LocationClientImpl
JClqxc	bufferSize must be >= 0
KPSSMCUKavkf	Unknown Variant: 
LctIqk	KEY_WORKSPEC_ID
MiSzNjLPcXaZ	CLEAN 
NXqZ	GET
OgkQnCNrD	zzd
PnQDyDE	Didn't find WorkSpec for id 
QGPmmYf	IABTCF_TCString
SUUX	value
VjpvwiLapTAYiRR	, acknowledged=
XEXfe	Retro
ZNmgyJXbf	Text within a chip are not allowed to scroll.
blFlkS	gmd_crop_din
crtIHzpoK	 should be at least 1
domDfHcuUi	com.google.ads.mediation.admob.AdMobAdapter
fAtsknyt	deep_link_gbraid
gpqWtNMObI	statusCode
hBbaOnGorLah	Failed to instantiate WorkManagerUtil
hdmryOAednc	CALENDAR_CONSTRAINTS_KEY
hldTlMqAoulA	audio/eac3-joc
jJyfCy	faw_digital_tachograph
kJnn	zzg
lkqlIGPWEBxYW	faw_capsules
mLcPsjFWzBuvkuq	_sc
memXQd	VOID
myufVjcjTZ	<this>
phVhZHVUXr	Engine
qLudfIhJC	measurement.sgtm.upload.min_delay_after_broadcast
qoD	SESSION_EXPIRED
qtHtYJW	zzf
sEV	com.google.android.gms.ads
tDvK	zzf
uRaOBT	ABSENT
vfyKx	1
vvzzyWYvcF	MD5
wPtCF	canceled
wYNsIDlwQFW	name
wijsebmtlDWdY	Cannot stop sub-recording because FrameMetricsAggregator is not recording
yWhe	LruBitmapPool
ydrTpbwMw	permission_set
zFHShjxsA	_sno
zrc	gads:cache:read_inner_data_source_if_gcache_not_downloaded
@Lcom/google/android/gms/ads/mediation/rtb/phxe/rJipjkJuc;
Adrl	ALTER TABLE events ADD COLUMN last_bundled_day INTEGER;
BfCmrxNETpRdQp	com.google.common.flogger.backend.system.DefaultPlatform
DViIlcYANt	peekInt
GfGHxYvx	faw_road
HBXxyKbc	timestamp ASC
ICybSgVASXDRZvy	ERROR_PHONE_NUMBER_NOT_FOUND
KGhzoJsDlK	BODY
KuwlmWqNvpPG	content_url
MmwJxSrBKJKo	Invalid EnumMap type: 
MpHPA	Wrong type URL in call to AesEaxProtoSerialization.parseKey
OQdTIOYs	cmd_cellphone_dock
PXLMbdgrDbonJ	play_store
PjB	com.google.firebase.auth.internal.KEY_STARTED_SIGN_IN
SIpjC	I don't know how to deal with UInt64! long is not sufficient and I don't want to use BigInt
Tkk	key
TvH	Ad Choices Icon
VpiPogSFSfYis	Next upload time is 0
XdeN	CROP_IMAGE_EXTRA_SOURCE
YICgqfnj	null
Yki	android.speech.extra.PROMPT
cCtAUKMSH	cmd_flask
cpPusL	the API
crFtMTg	android.credentials.CreateCredentialException.TYPE_INTERRUPTED
dLwbAjFgSHzcVDD	MD5
elTVqJkWqd	ChaCha20Poly1305 Parameters (variant: 
fgyzaHSoajAXzGG	Cannot set backoff criteria on an idle mode job
fjqwkRJTBZGQ	Received null app settings, cannot send reports at crash time.
jFFVcRacwuCtoN	, spread=
lbYF	1714
mQarbqEsd	int configuration name not recognized
mYukJkShdOTaFrT	fcm_fallback_notification_channel
nOTEgNhbMmDcbkv	cmd_lan_disconnect
nvl	CREATE_WEB_MESSAGE_CHANNEL
oFpyZAQzMKRpPH	com.google.android.gms.measurement.internal.IMeasurementService
pXMpJIiDAvhxR	Failed to getPlacementId
pjY	cannot use Android Keystore: encryption/decryption of non-empty message and empty aad returns an incorrect result
rhuPnLWPF	queue
rixW	ITEM_UNAVAILABLE
uCgrqPd	source is null
xIabNi	string
ylZTzwztK	DOUBLE
@Lcom/google/android/gms/ads/nonagon/signalgeneration/ZY/bfXUvjj;
AKpcWbyLCZTxuju	
AUuMVJrKuEZffxO	hashCode
AXCBt	Firebase Background
CUUEZEALjlalW	cmd_plex
DHZTv	gads:bg_banner_pause:enabled
DuDaYlEAAOV	android:support:fragments
Fqop	value
HKSlQYuLiAwa	client.version.staleness
HpNIpmFeh	COMBINED
Kkzdcnlh	emit(Ljava/lang/Object;Lkotlin/coroutines/Continuation;)Ljava/lang/Object;
KqNxIlf	,
Ojbwjmws	initialCapacity
PXENUg	video_reward_urls
PeUYCXyhs	\\\"
QHtALzymuLMiX	cmd_calculator_variant
QKnKufZEzwJP	TEST_DISTRIBUTION
TGqXDRKG	faw_hand_point_up1
TftmsE	Fail to initialize adapter 
Ugb	Http request failed
WRqbPCiikIxNG	skipped
WYPtITBfz	parameter
YNmcVfzTvNNmw	json
YTWhgn	zzm
YqcnMaMoKE	;
ZEkXVrNwPRj	alpha
ZbxYChGb	, sessionId=
aePdaPn	DAY_VIEW_DECORATOR_KEY
bNhiicNmAAU	 applyAndAckSettings
bYkefxePVVHG	aclid
bZgrka	gmd_crop_original
cfrbRsVNikbpmc	Result is not ready.
eEIiAVQNYXCgZS	interpolator
hNRcfnfmWAxpMT	Converting ill-formed UTF-16. Your Protocol Buffer will not round trip correctly!
hgYr	typeOut
hsBEpwQb	kotlin.Float
oQIsilyEhBHaJwY	 path=
pcJ	 is present but null: 
qJPtRXNfDq	OVERRIDE_THEME_RES_ID
rqHbHRiMgC	peerName
tNYnmbSSdP	 with executor 
tSiivR	format
uYG	ga_campaign
ufDBMbS	buffer(
urpsRmSvu	cmd_calendar_week_begin
yPXItFZjENG	android:changeBounds:clip
yWYQ	cmd_alpha_u_circle
zZmRHFZdu	elements
@Lcom/google/android/gms/analyticsservices/wau/HrwbAFa;
CBxI	Expires
CHlHmMdvE	0
CMdTTZ	, mStartLine=
CaRozPtwpYnul	faw_steam
DKBZgeIpBPrZe	Function15
EpzhsQAgRbXtj	You are back online! Let's pick up where we left off
ErT	gmd_restore_page
ImyCnOOYbfM	source(
IrjQn	appendingSink
IvU	Error Signing In: 
JNnztZPkUUN	<this>
Lvi	UPDATE workspec SET stop_reason = CASE WHEN state=1 THEN 1 ELSE -256 END, state=5 WHERE id=?
MymXAflzik	no recovery Intent found with status=%s for method=%s. This shouldn't happen
RsRYOb	Audiobook
SfMWiPEVE	 is not currently in the FragmentManager
SfUZxVRFEqFASvs	Multiple @Body method annotations found.
UHZvQ	IABTCF_AddtlConsent,IABTCF_gdprApplies,IABTCF_TCString
VxBwI	zzT
XSEAMjPjcpanqgb	
ZAuJ	invalid MAC
aoMkVJ	getParams
bBnjEZSapRQL	mFragmentManager=
cBrV	RSA
cUbrimQArC	removeGeofencingRequest can't be null.
cWZMqQwTggao	GPSDateStamp
gTLPOmfBzks	cmd_skull_outline
gdQeyj	getInstance(applicationContext)
hcVv	com.google.android.gms.ads.internal.client.IAdLoaderBuilderCreator
itiTrHpbIDB	publicKeyAlgorithm
jfFRhKmuup	POLICY
kePNtvysFW	string configuration name not recognized
lITmEVYdbaYG	cmd_chess_rook
laxrN	VBRI data size mismatch: 
mgd	Too many redirects (20)
msXwGEN	causedBy
nYhyzMHpcM	fingerprint
nnnAfPGiTMJ	API: 
nxu	cmd_phone_outline
pDeDlFZIpSzZG	null cannot be cast to non-null type kotlinx.coroutines.internal.LockFreeLinkedListNode
rBsDek	https://github.com/google/material-design-icons
rREaoaPD	BackEaseOut
uWXGHvVYGDuBNz	transports
vPEtoNG	:
wCW	-
@Lcom/google/android/gms/common/server/gf/ZFUSmtNU;
AcuOrDsYE	hits_count
BoegkqN	offline_notification_impression
BxBPPUUrPhNnPwN	<unknown method>
CQxrs	url
CjqgbKPBP	, 
Djpssp	validTimeWindow
FPoDSRlDLmF	cmd_car_hatchback
IlkfVIwR	call to 'resume' before 'invoke' with coroutine
JcfSVLLSmPiyZ	https://firebaseremoteconfigrealtime.googleapis.com/v1/projects/%s/namespaces/%s:streamFetchInvalidations
KjlHVpe	Activity transition type not set.
MLfzVRIoIvcxf	android.intent.action.VIEW
NQNeeBsVdYdqkfe	
OFiPeWYBipvSsi	audio
OnlOgDFoSP	connectionSpec
QXM	enqueue needs at least one WorkRequest.
TZJByPHdNZ	com.google.android.gms.ads.internal.mediation.client.INativeContentAdMapper
TeSn	gmd_filter_drama
UZFdvDrEk	requires_device_idle
UkUv	
WESFYvjQRm	 manufacturer
YXLptelfy	Jam Band
YnAKapNj	
ZMbwxxqIh	zzi
ZpcnrdRjcGxs	view is not a child, cannot hide 
aqe	You cannot use a request as both the main request and a thumbnail, consider using clone() on the request(s) passed to thumbnail()
bQEFAaXJwdbIde	
biylyDFUOi	Parameters can't be all 0.
czOv	gads:mraid_collapse_remove_view_before_dismiss:enabled
dFHnRLEDV	: 
ePNp	
eQltr	Given invalid width ratio: 
ewvtzDzmeqY	loadJavascriptEngine > /jsLoaded handler: Lock released
gCqtXwSKXKiKZe	 (key \"
hVxHFRrVolThCs	Invalid Trace:
hbA	sgtm_preview_key
hgaqoYxAaO	{
icxj	Log a Firebase reward video event, reward type: 
jbx	FragmentManager misc state:
jpJOurBQxNTHlj	em
mqhcR	SAVEPOINT '
oGqUQB	Adapter incorrectly returned a null ad. The onFailure() callback should be called if an adapter fails to load an ad.
pUVxrfQYc	setPaidEventListener must be called on the main UI thread.
phQZycOsWdQddf	Invalid siteKey format 
qHCRi	cmd_screen_rotation
rWHPIpxZBjDGJj	nfc
sfZGm	All ArrayList elements must be of type Bundle. Value type, name
ttBxjtXeVkZ	cmd_step_forward_2
wNB	Got exception while trying to start a purchase flow.
wtCheYYCDhtul	<this>
xQyHTgYxhNIr	gads:msa:experiments:incapi:trusted_cert
xthFZAwGXsJ	getRecaptchaParam
xwxN	Index < 0: 
zKajOrVbk	gmd_rotate_90_degrees_ccw
zQhrsCiZYDc	\\\"
@Lcom/google/android/gms/common/util/concurrent/bcNx/BtZkbgz;
CEIRFfoZuOJ	HU
CrywCWGedAG	taskRunner
FjIwF	The supplied auth token was invalid
FliQtWcRbcIv	The email address is already in use by another account.
IjNHsNFqfkN	cmd_music_note_eighth
IxTdRHBQOHX	android:visibility:visibility
JXFJZyUuOUzjC	; Processor.stopWork = 
KgosUVFT	super.onSaveInstanceState()
KhstMUuQgQTU	viewModel
KogPTAZitLgH	 at element: 
Kwt	Bindings already cleared.
LYdsRwHpRB	delimiters
LxGOPSaWZkzwh	getInstance
NHEbJHCreIZID	setAppMeasurementNPA
OTo	cmd_table_column_remove
QoZqMGEN	cmd_power_cycle
RNDYR	Invalid slide direction: 
VKMTZXDtpNP	LruCache[maxSize=%d]
VLODOPPaVV	link
VqMGI	 not permitted by network security policy
WISNirQni	panell_d
WVrRtlWYyOwqvE	zzc
ZTW	cmd_server_off
dHPyhlczDnivd	single cert required
dPawwhPH	AES
epXxqUPDo	App Quality Sessions session changed: 
gStCyWqubmW	zze
iGTlQoqcCRT	getLong
jxPjbjdcfEB	gads:disable_adid_values_in_ms
kBcRpvUT	interrupted
lBOojF	Unsupported value type 
ldO	ProxyBillingActivity
nkLzNO	cmd_flower
phdgyqS	, elegantTextHeight=
rPhZYHDwllTtnrq	,
sOpeBstxMafZy	Lazy value not initialized yet.
teLjVB	0123456789ABCDEF
ugwJJ	Failed to load ad.
vTKNGonFtjMN	cmd_google_plus
vTwxDDlMKCRCX	measurement.rb.attribution.app_allowlist
vgD	com.google.android.gms.iid.MessengerCompat
@Lcom/google/android/gms/signin/internal/Hxcy/rCMY;
CbAfpg	gmd_flight
CpQJwUSschhiQGU	 with parameters 
EMYvAEhRWX	lines
FyWuOIDuY	Binder object is null.
HVPQfcNwfBpE	Corrupted image
JmLePZypxsc	Error forming toString output.
KWUNMIli	substring(...)
McxLBwmBHOJEE	null cannot be cast to non-null type androidx.room.RoomOpenDelegate
OXHCafYEqIkBeSu	hasField() can only be called on non-repeated fields.
PjCEkXPfEbHGGi	undefined
PzV	faw_magic
RuaUiADYYKp	com.bumptech.glide.load.resource.bitmap.Downsampler.Theme
VXiI	Could not store picture.
VYa	cmd_chevron_triple_up
Vzu	Undefined color transfer 
YyOwIsrRtDsNZ	delegate
aBBNHhYxx	CALENDAR_CONSTRAINTS_KEY
bzpCBxWjPo	#007 Could not call remote method.
cTfUrgPQKPnhN	#008 Must be called on the main UI thread.
cXlysav	cmd_card_bulleted_off_outline
dEwCmcsFbBndNhX	gads:mobius_linking:sdk_side_cooldown_time_threshold:ms
jvEGVZKACIvX	com.google.firebase.messaging.NOTIFICATION_DISMISS
lNo	zzf
mEzIVtzWdNmbnz	combine
mNBATlQuFbb	sgpcr
nclmfdJQFZx	<this>
pobcq	unsupported field type.
shHe	gmd_dvr
stBAYZRL	cmd_access_point
xyTDxoRM	inParcel
zradzhzNiABu	com.google.firebase.auth.internal.DefaultFirebaseUser
zvvxIntjc	S_TEXT/WEBVTT
@Lcom/google/android/material/loadingindicator/eYKA/VMNDwpzLFHKa;
CBrkfsYJrDjtyJw	#007 Could not call remote method.
Csfpe	cmd_brightness_2
DAQMvlWYj	<get-values>(...)
DXRjcGKhFtyY	Local dispatch failed
EAUgSJqiqTNwR	cmd_plus_circle
EbyL	Index:
FZZHmvynUP	accessibility
FjpqE	Protocol message had invalid UTF-8.
ICVNs	META-INF/MANIFEST.MF
ITBKkEbuKSC	HmacSha512
IlnPOQw	TLS_DHE_RSA_WITH_AES_256_CBC_SHA256
JZxl	\")) to get test ads on this device.
OkdBMcHJJKKGm	expectedSize
Qrfb	Infinity
ROOllqqNUzuRj	load_interstitial_ad
RPT	SVP-DTV15
RQQVFRkudWjPF	kotlin.ULong
RiGJQatpzShr	measurement.sgtm.upload.min_delay_after_startup
UoWzojpSJjGOYjj	call to 'resume' before 'invoke' with coroutine
VSklRSQELgcmQc	, but 
VksmYaofZkZ	firebase_crashlytics_collection_enabled manifest flag
WzNdOpgzxrEOSoe	tag shouldn't be null
ZaoTrsOUmSgQzG	Could not initialize intrinsics
aRzg	zzB
agHfASuaIiipP	: Cannot access non-public constructor 
bpUiXhOFewLRb	not a zip: size=
cCqB	Error: Final position of the spring must be set before the animation starts
dbrloj	%s (%s) must not be greater than size (%s)
eMg	native-assets-loading-media-start
gAJVslbI	X
gSwgMMVmgpugkmf	campaign_details
iIoTsTEbwRYqUJb	cmd_reply
ichyPnjIzs	gmd_center_focus_strong
jbfPeEXXM	zzI
nBluAnZweMFrPA	, 
nEgzgnVpcQf	title:
nSTAcBHoSGynJS	Porn Groove
qiIPf	translationX
qjcQ	excluding
qsfoTNTTGKlI	GPSTrackRef
qxdCksuLck	cmd_language_php
vaLC	common_settings
vsSOnCeVWaddPL	account_capability_api
wAlbMcyBbDBOTG	RENDERING_NATIVE_ADS_PREPROCESS_START
zOKpNbTYbfyWoW	, Size:
@Lcom/google/android/material/sidesheet/Ap/gZLOz;
ANXIcqPJeVsn	> start tag
AsLFLIKmmQmf	party
BKwbCkuizFPuKKq	zzg
DFFiW	
DlHcYi	Disposed H5 ad #
FpWSaGfnpT	<this>
GJOwAbyQuiOSxHr	]
GJzqSkFZc	TakingOff
GUwILBFYHQ	0
GkJHgxeymMUt	
JvZkgRdh	o
LfUbA	Dubstep
LfmxQ	measurement.sgtm.batch.retry_max_count
MHr	_s
NyQMWx	cmd_alpha_a
ORjpqKUiS	faw_ussunnah
RKTHoAJJEcqEd	targetBytes
RQKXFPWzVGATdZ	ON_FOOT
SSmM	com.google.android.gms.auth.api.identity.internal.IGetSignInIntentCallback
SdK	0
SdkEfUoyV	gads:uri_query_to_map_bg_thread:min_length
VYCNwSpd	Name AES128_GCM does not exist
WAeWRTpw	transactionProducts
XNYkLraxeCXmxUH	-
XOnz	kotlin.jvm.functions.Function15
XSYpdENVcZLpO	queryExecutor
XVcRSObMWcdSzy	TEXT
XXuveAm	Protocol message had invalid UTF-8.
YnafcdsvGiu	_r
aHuCLPhal	gmd_bookmark
bOenjgLdjQyd	effectiveDirectAddress
bnYvcxDOBzvy	Unable to call isUsingCustomPlayerControls.
btYMFAHzl	ON_ANY
cHq	Discarding data. Failed to send app launch
cjYHStOVHhTkI	No start tag found
cnpGE	buffer
hFqVwxd	ListenComplete { path=%s, source=%s }
qiaMS	DateTime
vWPihiubgIHvZ	end index
wEjS	gmd_sentiment_neutral
wbeWFLayNT	
whnDCmIQHrhzBc	com.google.firebase.messaging.default_notification_channel_id
xQoQSErjYCBQEvD	index
xTQJYcnGveZ	moto g(20)
xePuQikekAohyl	call to 'resume' before 'invoke' with coroutine
ybc	call to 'resume' before 'invoke' with coroutine
zWUDXt	Unexpected EOF
@Lcom/google/gson/stream/II/gBqmao;
ADvxtTdpBoocpN	childAtomSize must be positive
CIfpRHo	BYTES_LIST
CMXq	accept-encoding
HApsqmPiZ	unknown hash type; must be SHA256, SHA384 or SHA512
JRSMUvJvdqLRLuy	cmd_volume_low
JaZXBKa	bufferSize
JyowM	, timeUs=
LRHUpOwXzXUdWN	zzg
NkJOFilVU	android.text
OgmzyffVzVVa	adapter.rewarded.showAd
QjYpPl	NATIVE_AD_DEBUGGER_ENABLED
RFyir	zzf
RXlbZTr	add_to_cart
RiDEuFwjalCc	field 'mRecyclerView'
SLLJoYOIZJ	cmd_numeric_2
TaxSJLuV	%02x
VIZXrCkSr	alpha
Vte	Failed to load media data due to video view load failure.
WZzxrdocXOXyJ	checkAndShowDialog(%s)
caS	cmd_heart_broken
ccGGIZ	copyOf(this, newSize)
fCTZqjyj	lat_gmssg
fOXLOdEjTZS	INTERRUPTED_SEND
fZebsDO	 path bounds: 
kycAtqvvuw	Index:
mnyY	firebaseapp.com
nMKYfJZUK	&el
nRwUqhMVTEFjKAP	PENDING
nXIkSxJQ	click_urls
ouvdGittNPeXyW	COSE coordinates are the wrong size
rSiohkuPvS	cmd_source_merge
sDZXaMQ	null cannot be cast to non-null type androidx.work.Constraints.ContentUriTrigger
uOqxCVsogzkmvG	#007 Could not call remote method.
wTC	tpv
wVMzdSGIZCN	gmd_filter_frames
waXsjdObFWcYOxc	
zLmYa	]
@Lcom/stfalcon/imageviewer/zCy/SYgLxlV;
AJcrIxqIduUnR	ACTION_PRESS_AND_HOLD
BtWpvzZD	transaction_id
CKJKvxOuFbK	, 
EMltssxOTa	Plugins can't be changed anymore
EONRiE	Cannot add data to empty builder
EqGre	The provided containerView is of type of NativeAdView, which cannot be usedwith NativeAdViewHolder.
GxnzH	cmd_progress_clock
HlAyawEWUqKbFAR	com.google.android.gms.ads.internal.mediation.client.IUnifiedNativeAdMapper
IJDCWCmblmLTi	measurement.audience.use_bundle_timestamp_for_event_count_filters
KAbjSdBIGb	uri
KCHLqKz	TEXT
KqEu	intermediate pass
LZMUpRqlP	com.google.firebase.firebaseinitprovider
LoD	ServiceDisabled
LoOsPcfxeQb	modelClass
MnzSHP	Back
OibPWOsewMJFCJ	\n
OylbA	name
PNNBEwoGAZkEDc	cmd_numeric_9_plus_circle_outline
QdzXpoTzxwWkTS	rollouts
QilLLTkqpCNgm	gads:immersive_video_ads:enabled
Qqr	app_update
RdpMHeqkyeRM	Time(ms=
RioH	Buffer size should be non-negative, BUFFERED, or CONFLATED, but was 
SCGwyHXCXNa	simulator
USbXEhdTjcqnm	other
YpzkFiiHlUr	appQualitySessionId
ZDrpzqdlXRx	\\\"
aCKeUv	https://csi.gstatic.com/csi
dXydkI	, event=
gDNRKoqGsLio	null cannot be cast to non-null type java.security.cert.X509Certificate
iDXDXbnfyHN	myUserId
idYQnjlI	ig_cl
jZpBwa	S_TEXT/SSA
kTW	extras
kgKdekoZqZs	 item-scoped custom parameters
lGRJhX	cmd_google_adwords
lPKimeespYzXV	, 
mslxjihzg	Unknown AesCmacParametersParameters.Variant: 
oJOdKyM	config
oXOMRX	touch_reporting
pHXmvwkkuMUxn	app_store
qCxr	not attached to a buffer
qTMHYPUNEcf	trigger_event_name
qkddkDtkGS	 is null.
qwTLRAKFJsO	field 'mAvatarBg'
rTbZWGg	cmd_duck
sCRfEXQtreC	audience_filter_values
sGRFTVaacMn	cmd_arrow_collapse_down
sKx	\\s+
tRlXXN	GPSDestDistanceRef
unIcnI	seen_collection_ids
usMDeItPWIXlNkO	muzeicommand
xFsIHOpJrbR	requester_type_5
yxNtSwfX	offline_buffered_pings
zwt	Expected closing quotation mark
@Lk1/rlC/WMWysw;
AGsDQgqfP	Result has already been consumed
COmyRLiUAPfE	Listening for shake gestures.
DWwrtWe	
DglxJW	unexpected json token: 
EtjAXuszOUWIipD	byte array
FasNAAlbuyhx	SFIXED32
IwZkclpNIiZwtJb	+T/U1hw7+KZ4U7a2mmAOu7BJ15632T6q77fmzX/Xgjcy3uK841Ng+VsVpINIYuXP
Jdjd	background
Jftczftx	gmd_flip_to_front
KYQezi	modelClass
LyJTdyknuQFEK	Invalid tag size in bytes %d; can be at most 64 bytes for SHA512
MgtovmYmoKM	 is not known to be an int.
NJv	 (
NwgzY	vc
OWt	platform
QJfLcD	cmd_coffee
RVcZNm	child_index
RtsgxojdCVQqEN	subtype
UJd	: 
XdztCzOfH	billingPeriod
XrGMMGqPVGFWTkD	Q4310
YCyDFl	set_timestamp
ZdwtR	gmd_remove_circle_outline
aBVfKRkjNfSE	kotlin.jvm.functions.Function5
cFoEpUEhBih	route
cJtZtEBvbQzb	zzu
dGiIFiex	context
dVwJLsxLNLer	gads:synchronize_measurement_listener:enabled
dnQrxOLbUejleGM	tenantId
dxwZSmCuhyOSHpT	android.media.metadata.ALBUM_ART
fIcqpECFmF	<this>
fcHvup	ImageWidth
gZVHfE	\t 
hWgjWndZFVetiCm	', state=
hzHeNlXCnewyek	cmd_arrow_left_thick
kFhUFLLkTx	faw_newspaper
khRjXAkFykUdSz	EC
krctOjpmS	dimgray
mcIdygB	response == null
noWEzBRQ	input_merger_class_name
pNthLqigwDKkyqF	layoutGravity
rXua	Failed parsing '
rnID	state
tYqOWDMZjpcf	3s4OpKjyDjUzqtut1o8wCVCKFRdtRePXWRu+sqk/xG8=
vacnGMUcGxZvSH	NUMBER
vgGHkkIjISL	fluid
wXiWeMoiM	EGL_EXT_gl_colorspace_bt2020_hlg
woCjsX	refHolder
xGfghlFggPESr	INITIAL_CROP_RECT
xiMsruN	<this>
ydpJzwySk	boolean
zDAwAPLw	FirebaseApp was deleted
@Lk7/vw/gXBodBz;
AKqixRJMLUjLR	cmd_twitch
ERpK	gmd_file_upload
FEZzfPKi	Ad unit ID should not be null for rewarded video ad.
GkjvK	Failed to resolve attribute at index 
ImNvgtbcz	SHA256
KMpciErzDzbj	google_analytics_sgtm_upload_enabled
LvLVtGeQEwHu	zzF
LwjYCPEO	RewardedAd.load
MOn	Invalid private key.
NWr	Bearer
NtW	KEY_GENERATION
QiqfohxTp	cmd_folder_lock
RYYpUuTHoZEG	ST_AVOCADO_ID
RpAqOF	gmd_business
TSNQdLMONARX	osVersion
UUJeleRx	video_start_urls
WIWuD	completed_requests
XkpfBnX	origin scheme must be non-empty
YGkjAYNYNXmjUS	 is less than zero.
ZBDgkgAlQfrUFLW	minSeparation(%s) must be greater or equal to 0
ZkgdAJJh	gmd_redeem
aEgN	delegate
acnCv	ACTION_PAGE_LEFT
cOVmKGHnbF	Expected 
dHUFPVOGjaTc	type.googleapis.com/google.crypto.tink.XChaCha20Poly1305Key
dRnRYicNWO	Unable to get package version name for reporting
epGemmnILvp	s
eqJvAICPeGQhhgy	cmd_timetable
hpd	video/avc
iAbwhvjsdtZTyF	android.permission.WRITE_EXTERNAL_STORAGE
lXxbbpIWVVEwI	grantedScopes
mePxCRJ	causedBy
njWN	All children of ConstraintLayout must have ids to use ConstraintSet
phuuoUexBmufpsS	onVideoEvent
qewDdb	Parsing KmsEnvelopeAeadKeyFormat failed: 
roNfSgUjpcBeb	, cloudProjectNumber=
stvNPiOGE	Could not parse value: '%s' for key: '%s'.
uWGb	splice
uyH	vf
xNWDbTqXLpQijex	LruBitmapPool
yRgtfKFLkKXomRi	SINT32
yvDYk	PublisherRestrictions4
@Lkotlin/coroutines/jvm/internal/Cw/FtHGTtFhSVp;
ACOoMvlQDqNOmS	Callbacks must be attached to a ClientConnectionHelper instance before connecting the client.
ADTTMFq	loadNewJavascriptEngine (failure): Lock acquired
BKkJsLWYavpOTe	zzh
Fxtxyzx	, isEmulator=
GzSFVJAviTAp	field 'mRecyclerView'
HLQziNYPjMqSPdq	Failed to unzip queued bundle. appId
HyyocGiFBw	Matrix{u=
IUvpSbuHqtggy	5l2BxulTXy+0Wovy9T0xreNvMgccuxz9Mfzqj2nIzDWreku9cf/hyHYbFP2gke7n
JiJ	cmd_clipboard_play_outline
JrAFW	field 'mBlockWallpaperImg'
LkRt	UPDATE workspec SET output=? WHERE id=?
MiXKRw	zzA
MvhKzUnMczs	ciphertext is null
OmFIALDn	>
QQWJgnCBXXchPUa	gmd_web
TZbNCPPZD	top-right
UKJPngjYxPv	v
UPGikXRGMctu	IOS
VAaW	attachShader
WSpUtLVeBLR	CustomRenderer
XcWXEanf	SocialFrag
YLtZeSPltY	generatefid.lock
ZKnTQSXqG	cachedResponse
ZaytyPCRzrj	androidx.lifecycle.savedstate.vm.tag
akqOYVogQ	cmd_check_box_multiple_outline
cHWaFNHKZ	com.google.android.gms.auth.api.identity.internal.ICredentialSavingService
dnpmeYe	faw_lastfm
fPihSti	ERROR_MAXIMUM_SECOND_FACTOR_COUNT_EXCEEDED
guAdUhswAGnT	bitdepthLuma must be the same for both views
hWhdBlhsRZYN	kotlin.jvm.internal.ShortCompanionObject
jvQAPym	:
kFcCxNj	1
nVEZoxIOWGDYv	cmd_login
rMzsVgiE	hash unsupported for EciesAeadHkdf: 
sBLPnNE	
tpUydM	additionalCustomKeys
vIwFcuXlsjqzUh	google_analytics_v4.db
vRLonguGbIsqlF	tag
vufXubjJ	getLifecycle() returned null in ComponentActivity's constructor. Please make sure you are lazily constructing your Lifecycle in the first call to getLifecycle() rather than relying on field initialization.
wBxaJk	zzK
@Ll/ryze/HpIuwhiCI;
AtseCIJZaLOms	event_count_filter
AyJwWNyf	NOT_DETECTED
CHTyzfqcsGqyT	OTHER
EdvJqwaOFnOBI	end index
FKxFsFGSsLQs	Stopping tracking for 
ItqInWOuBJQ	call to 'resume' before 'invoke' with coroutine
JOaRVUWwNSDzU	gads:csi:error_parsing:regex
KVuDUZtKVrInI	<ByteString@%s size=%d contents=\"%s\">
MLgTvXPQfwyst	playcore_version_code
MjDjLD	ISO-8859-1
NnAAWakLK	&width=
QmoeIl	fbs_aiid
SGxnxnqxIBCn	VersionedParcel encountered NoSuchMethodException
TdJcDQu	Finalizing previously open sessions.
UiprM	, 
UxjGmbHdMKvXan	scaleX
WicQxMcQlOQ	(
WvEUfSVaVIHs	field 'collectionCoinCost'
XjtQjJiOHrl	cmd_folder_upload
XqZxn	Titles or SKUs array cannot be null
ZAoJreXnPMnxau	Error while parsing Base64 encoded string: 
aaSnuyPsxF	animation
actEEPNbfieJniH	faw_vk
amth	descriptor
dRDZPLaCbCPq	User was not linked to an account with the given provider.
eQndV	Failed to parse timestamp: missing valid timezone offset.
fCGoBk	<this>
gJgZZu	video/x-vnd.on2.vp8
gxLk	PLATFORM
hONtTOfSqfqX	cmd_camera_metering_matrix
hcv	2IfMUy5zOuVT1ilWAqZrt9PNbHCY94WGDxwYlYOFZTM=
kJOOtEOYVkEM	cmd_google_spreadsheet
kSSjjFAHRJ	Anonymize ip loaded
kZlMjfIP	This credential is already associated with a different user account.
lrepUBYOfuDOiL	cmd_fuse_blade
mdJ	gads:optional_signal_timeout_micros:enabled
nMNY	health_monitor_sample
pSTIIcmuBmeJVFE	onError is null
qOYrf	customer_id
rXvi	cmd_music_box_outline
tqJhVcBRaqQ	Callbacks must not add ACTION_CLEAR_ACCESSIBILITY_FOCUS in populateNodeForVirtualViewId()
uIIRrEOFd	 identifier
umqEzhnxTtqDdM	END
vfdsjzw	Attempting to request an undeclared dependency Provider<%s>.
wOuiprBFtU	size=
wlnEszenNrHeCfB	status
xOUyKXIHtDENg	_ev
zhjDzsQ	menu
znzQdvxlrkY	conditional_properties
@Ln1/vHC/JVmzNR;
CAeNIw	BYTES_LIST
EDlmZgcOsJTOHf	CREATE_UNKNOWN
FrFov	NotifManCompat
GpVbQqMk	com.google.android.gms.ads.internal.h5.client.IH5AdsManagerCreator
IkhPYBslL	cmd_cash_multiple
IoUN	key
IywFnMxq	Skipping logging Crashlytics event to Firebase, FirebaseCrash exists
KTqdCNe	s
KnUCVasi	source
NZkqgDBVa	diskUsed
ORGZm	, nextScheduleTimeOverride=
RecNjvclEVospA	AesCmac PRF Parameters (
UQSHpEVz	Unexpected audio track timestamp discontinuity: expected 
UiWe	KJqFTXd2DBVOIa2tgalZtzkZe
VwpykeiXU	JS_SIGNALS
XHv	gads:inspector:max_ad_response_logs_bytes
XQLHb	context
ZWhJGovvNJS	A connection to 
ZobzfpCiGBw	\\a
eLbNMVbjPn	endTimeMillis must be greater than or equal to startTimeMillis
eQdI	none
efJhJhJvbbr	cmd_book_multiple
ejFK	contract
fLcv	faw_bullseye
gMW	gmd_zoom_out
hwwzmAkJdAvO	Aborting transactions for path: 
jdXDJlSnHzVVpzC	WEB_VIEW_RENDERER_TERMINATE
kIgtIszRpAx	state.image_uri
mPfONjYQgItQo	User-Agent
modADTGHP	: 
nuRZIEYxjV	,
nwSEfoySvhOw	WeakPassword
oFbzXn	substring(...)
pUALsEaTGfd	<set-?>
rKnKBPHCfHW	element
rOEMUYsCHdbOjO	http://[
sCBhHONGaQmg	activeViewPingSent
sRCb	cmd_fridge_outline
sRm	x
sZOLsDUMHhYAIAk	<this>
tmkBMUHRBYBPJ	H
utTjiNEh	Cannot set max crop result width to smaller value than min crop result width
uwZLv	gads:wire_interstitial_listener_after_request:enabled
xwNBoW	AsyncFunction.apply returned null instead of a Future. Did you mean to return immediateFuture(null)? %s
yGfFxdwVSHG	Failed to continue outstanding frame
ykbVQyPWjSCf	A_MPEG/L3
yyh	 (0x
@Lo4/xnED/MMgyLVOh;
AJsrnDjtjes	bitField0_
AfmARoHZDDXYfu	activity
CNJhEeQ	Callback may not be null
CUvQcNOWbHApmY	rotationX
FIz	Cannot return null from a non-@Nullable @Provides method
GKzuoTiZSU	zzb
HiqPpmFV	type.googleapis.com/google.crypto.tink.AesGcmSivKey
JbrbKZFmrGVpV	db
MBamvjrIgg	cmd_stamper
MTKQUY	closed
MnvELJMoHHoR	zzd
NfRfbLEHeCzCCl	Null identifier
PMxEqAEjjMMVStB	No network connectivity
PPaNxp	zzc
PViGTEf	DOWN
PVvJ	Already resumed, but proposed with update 
QulPuCLSmg	+
SlQMBaGhBdPyxNO	gmd_redo
SrloxczmupuDkKU	RU
SxjXHWZ	 Count to prune: 
UmfTKhG	MakerNote
YjladKeHUxzf	ST_CREDIT_INFO
aRejSZKyi	zzu
bgzuIJNBuYxIWE	com.google.android.gms.ads.internal.formats.client.INativeAdViewDelegate
cMEGdoSKZ	cmd_comment_search
gusgWjC	audio/mpeg-L1
iEbAEUlwDHNaf	zzd
iniX	cmd_battery_positive
klEEYxQgAgFvkzN	faw_meh_rolling_eyes
mYuuVsRAjJcY	units
neEphFDJmRia	cmd_account_network_outline
oGYhngFSCd	this future
pFakEXlwX	sessionGenerator
pfAYCaSyjlIFJK	cmd_cat
pmnolkEwGiLVLxk	Image exceeds max size of 1048576
pzRgZRsPdSOq	cmd_email_open_outline
rlYXEIYipIeoaKb	 name
utFjbnZQfJgY	protocols
wOeVdfEh	Failed to send hits to AnalyticsService
wrrwywRYIRJOIx	d
xMweUrvy	ad_types
xTKeSieB	external_payment_dialog_pending_intent
xxsIsaHof	&exf
yJLlad	, offset=
zHS	SYNCHRONIZED
zkTCvuWy	zzB
@Lv2/sqNv/gZbYkaM;
BbJTW	com.google.firebase.auth.internal.EVENT_ID.%s.SESSION_ID
BmPAwLpPAztiJ	internalKeys
CBOoJ	video
CQTZOP	gmd_find_in_page
CQb	Null deviceData
GpnHxNkD	call to 'resume' before 'invoke' with coroutine
IDYblSLPf	com.google.android.gms.common.internal.IAccountAccessor
KGKihprnPCv	AdMediaPlayerView surface created
LVHwGu	collect_secure_signals
NoUPxSUc	messages
QLx	KEY_COMPONENT_ACTIVITY_PENDING_RESULT
QfgtnjfML	dataCollectionDefaultEnabled
RMNeBCidlvTsYOj	app-measurement.com
RoFAvyu	)
SZxWZjBBmloOC	cmd_gesture_swipe_horizontal
SqRZAcEv	Invalid start label given for CSI tick. Should start with a letter and only alphanumerics, :, -, _ are allowed.
UrreLeTaXgOSXp	cmd_plus_outline
UxfBGiNceNAHb	guava.concurrent.generate_cancellation_cause
VHPdkLPlpC	
WjKHZHLQDe	Can not show null mediation app open ad.
XHfHoEtmwtK	peekByte
YqH	url
ZkKUgRNE	LONG
azDLcAQ	gmd_call_made
bVi	createCodec:
ccaKpHcpNs	audio/opus
cyKGI	completeEndFraction
dZRNrSCmNhb	range
excGQuxbCoqUG	, y 
fONnhP	slots
hWwuhHfOYqHQX	size_change
ilQSQWknzeVuK	success
jajiY	cmd_headphones
jhnyCuGwReoJ	ELUGA_A3_Pro
mBoiUiUnvP	\n viewableSignture: 
pAcMC	zzm
rQUGGuLr	null cannot be cast to non-null type kotlinx.serialization.DeserializationStrategy<T of kotlinx.serialization.json.internal.PolymorphicKt.decodeSerializableValuePolymorphic>
tVzb	:count
tfVCmwWgQpwa	interval_duration
vpfasTxAXqzZV	application
wDhsHpOLvxdA	android-app://com.google.appcrawler
wDyumvbMmgxuzOM	mStarted=
xztxgnsCVZeIGP	cmd_format_quote_open
ySWuRObxHOp	
yXXtGzELail	android.media.metadata.ALBUM_ARTIST
ysigyt	zzab
zNXSlRKGTxWwuGf	com.google.firebase.auth.internal.ProcessDeathHelper
