@Landroid/support/v4/app/MmH/blxbFGV;
AgFijzP	DyError{errorCode=
BZJckqnVmyhoht	SESSION_SLEEP_START
BajV	tiktok_systrace
DhfkRJiqdo	row_span
EAQo	App event with no name parameter.
EGqnBFnSlkqz	, 
GSncqikKmxM	position
HfTDbSIPGa	host_rules
ItAsDHQewWLma	date_added DESC
Katu	NATIVE
LmFiDsdI	' already paused!
OYXGTEuMctE	zzd
PlpyBhcdA	com.google.android.gms.measurement.AppMeasurementJobService
Pvj	count (
QYKNJVgYt	Failed dumping state
RKrsUwFrUG	,borderWidth=
TmPEWjITWuWmhI	
UwbxE	bf_
VgfEPcdXAbb	Got null intent!
XbiMjDVswJtcYI	Unused method
YJevGgKMlMpO	init_finished
bEkziBtw	disappear_actions
fZKkJckbecgmP	Content URL must be non-null.
ghDxEtucW	src
hntjONzH	Ad inspector cannot be opened because it is already open.
ihzVKGLNZIqMfw	]
lUxFfNHb	input
mjvQv	GIONEE_SWW1609
oIJIo	localFile
oJH	VAST_COMPANION_DISPLAYED
oYODDf	this as java.lang.String).toLowerCase()
oubkdp	sa
ppYXdCUaVVkDZfm	DictStoredValue(name=
rkaha	portrait
sRvWJtAazEEyQI	type
sZvcC	base media end
ufUG	getForceImpressionTrackingListenerReference()Lcom/monetization/ads/base/impression/ForceImpressionTrackingListener;
wADfmraaHHZdQ	country
wjkGKwDXzHlDUt	CCPA
yFzGiuVsw	L60
ytO	zza
zNfIprruHx	IAReportError, Does not know player error 
znIkKZAar	SameTools
@Landroidx/activity/result/rP/Eqia;
AgeBW	RenderNode is not ready; should've been initialized at start() time
BWdsSAWuqTP	headers
EziwADHFiglhimv	RELEASE
HIiyLuW	com.google.android.gms.common.moduleinstall.internal.IModuleInstallCallbacks
HRvYrfrE	presenceField
HcFQoNBn	darkTheme
ILwwpRtLEe	)
IjR	Wrong object type used with protocol message reflection.
KDAQQcMdXy	 ms]
KyWrHVUstaKOfT	Error: 
MDEOkzoRdh	No known flag type
MOfQuUdyNfZd	
PuXJejkIURWatw	pattern_elements
QXtogkVf	call to 'resume' before 'invoke' with coroutine
RhamKoWUGCrL	purchaseToken
SOgNkRWR	onReceivedError
SgUihyyKfKkDyp	_filteredKey
SnTlqv	gads:zenith:prune_on_buffer_size_change
TFQfHpcTLrpLHD	Disconnected: 
UfEfePogrchM	, refreshToken=
UjPVJIxyWpNFu	true
VutBgEWl	[a-z0-9_-]{1,120}
XlWsHCzXlUbsx	rid
XmD	TIME_NANOS_OF_SECOND_PADDED
YAt	K50a40
YSrYAa	birthDateFull
ZHYIpLLr	rgb
aAJrpgXN	height
bDhAZUGzfBnfFWU	success
dMacG	<skipped>
fygpkVTPVOivOZ	invoke
mklhtdEGcS	delivery
mmZbAaXhdDT	, previousPosition=
mpYdPa	t
ndKA	An error occurred getting battery state.
nlUAPuCwZ	.xml
oCvtGlQcJW	last_status
pCdq	Malformed CLD response
tJDxDMAorMk	Resource 
twzMAhS	The mediation adapter did not return an ad.
uNMMURAnvpa	gps
vAnDBiIEKvUSp	errorCode: 3203 errorMessage: tpl temp resource download failed
vBLtRFPLK	INVALID_CONFIG_RESPONSE
vbBZKXekwKffyW	MIMManager
xeYdjMK	name
ycQwubUCBCLNJCb	BannerShowManager
@Lb0/Xmpp/RdrYt;
AjJY	source
BKRyNn	DFP
BuhUhnWwg	key
CIOnryfaXw	H5DownLoadManager
CQza	_
CUbPdd	
EsRyjCFjtMQEUU	Index > length: 
GCLhmtsypLq	AdQualityVerificationConfiguration(enabled=
GlVeYdKQvE	shared
HsuiUYxVrqP	dropVideoBuffer
KEdr	GEOFENCE_INSUFFICIENT_LOCATION_PERMISSION
MABEcdEI	request_info_keys
MJelYJhQHIUohha	systemGestures
MVQF	lcs
NitS	transform
NwKptlDnlgKQsKu	urn:uuid:e2719d58-a985-b3c9-781a-b030af78d30e
SNNDKJi	storage_consent_at_bundling
TuxiNuTzziyXdN	item_height
WClblqP	imp_clk_independent_num
YYfVJ	18.2.3
bznlLSHu	video/avc
cHnsweOeCVGHSBv	endcard_url
cjvlrpcNJosKEb	Error with setting ad session id
cyUTFpUaJrVDu	IAB_TCF_PURPOSE_CREATE_A_PERSONALISED_ADS_PROFILE
eFhXLBfHslit	, protocol=
eQoxVoldk	type
eURYAeYh	<body style='margin:0; padding:0;'>
eeJaowXIrNLea	MoreOfferContainerView
ffd	toLowerCase(...)
hXfOeGDjSA	
hvaLChLkpw	result
iflgQyTgKhUfqMa	add_accept
imb	\n            |    DN: 
jNw	 failed
keDPohniSst	num_attempts
kuZWzsmVLPrW	IntList is empty.
pgFfIsXt	video/mp2p
qSSHgWm	MessengerIpcClient
qrdABiKNU	SINT32
qtMyQvDBfQQE	ThirdPartyRenderer
tQUOrgFQvLsXI	onLMDOverlayClose
uxH	400
vGovCJB	portrait
vHTMHic	utf-8
vunPlUdENK	getInitialState - null intent received
xwtgN	, mediationPrefetchAdUnits=
yaxEECWOq	timer
znlknnQttFT	forName(...)
zrmxNMKOR	value
@Lcom/android/billingclient/uGI/RgKIJNQw;
BiwqdFILYRtWL	bannerjs
DTLIWmgBPAyIVnq	image/avif
DZFmNJLsIV	ExoPlayerImpl
EByOiinp	_
HsEiEbwKLS	requester_type_4
Iest	VAST
ItP	Part map contained null key.
JGwlc	Y3Yx
JVPTIRSayYVt	MBVolumeEventPublisher
JkgHWSGzG	null cannot be cast to non-null type androidx.compose.ui.node.OwnerScope
LXwLtqCsPUeR	offloadExecutor
MJbamp	placement_id
NADyVybzbMk	hdrl expected, found: 
PHxrjFNfZfq	Unused method
PIoJEC	Error reading cache content index file.
QBdvMB	window.vpaidwrapper.startAd()
QPQhyUSAd	RjMxMTM=
RseVlBVGyFINb	zwj
TTKHcrLFzimr	onSdkLoaded
UfAzjFuMbJvP	onTick(J)V
WgxxsNffJA	>=
ZQb	getThemeMode exception: 
ZtqpfaXKzRpbr	TLS_KRB5_WITH_DES_CBC_SHA
aYarlIFf	Invalid integer size: 
aghCbzkWXKYk	Two primaries were set
bkMxRlc	DefaultAudioSink
cSiYFwArGMbEc	The Activity's LayoutInflater already has a Factory installed so we can not install AppCompat's
cpKoGr	value
fQbwGk	Unsupported version number: 
gEvqewwBQPOZ	UNRECOGNIZED
iegfbmxzOv	TT2
ipJmROYqihiBIA	, autoMetadata=
lxAttdqtj	GoogleApiManager
lxkyzDxso	vs
nDJZdUMifjjzLcw	cache_size
niJAAOvLwErHJT	id
nxUYPhSFUweTofd	Relative(value=
oiyyUKURhT	tag:dolby.com,2014:dash:audio_channel_configuration:2011
quQcBGt	pause
rnEhkd	zzd
uPuAgmmvqcwl	compile(...)
vErbtqoJuRJR	Could not parse value:
vmvCoHp	INTERSTITIAL
@Lcom/fyber/inneractive/sdk/activities/jACF/kfNIIJVAFKWNBK;
BzNZ	DropdownList
DNtFF	hover_start_actions
DWRHbQmU	JS-Video-Brigde
DXfTySlswza	Recomposer:recompose
DsxkGTYoRD	LoadCallback cannot be null.
EkbzfqrUnFa	vendor.display-size
EtBkWoanbKKPNT	,
HEf	DISCARD_AFTER_NEXT_SAMPLE_METADATA
LOrv	TAG
NWoL	 
NzDzFnXnwzHPGft	Ignoring messages sent after release.
Pak	visibility_action
QSiDBJsdG	visibility
RKdHkM	
RZkNO	Could not forward getType to RewardItem
VIRCZWTLccdoH	event_info
WqjKpAClDqjdbQj	OMX.google.raw.decoder
XOOjiQoV	additional_parameters
XVmplRjV	mbridgeAttached
YDAkSxmF	start should be < than charSequence length
YLXHqgptbaHYl	%s : on one dt error : %s
ZwYaIfD	key
ZxjRjbHvJxBcO	MBVideoView
bwgVGCg	Audio focus lost transient can duck
dWiOZhfw	inmobi
edjh	previous_page_alpha
gCxRBftFkBtUrjG	set_timestamp
kmAMlGEXzpNsjB	Index:
kmdAWYLZa	zzg
lPYUUZVWGpyEqg	destroy webview error
lkQlgNoooKPzwLu	guidelines
luJNSoCgbR	, 
nCt	null
pvcK	Name is reserved. Type, name
qLmaj	video/hevc
rEnCeKeeoxei	center
rOUhAb	resume
sBgNYhnAxhWUd	FEATURES
slSKmCWGs	duration
tgq	APP_RATING_VALUE
uVzEwMh	title
vjmqc	Invalid asset URL 
xuGHixt	navigation_bar_width
yTCL	@HeaderMap parameter type must be Map or Headers.
ynWclAZBrmyVj	testRegex
@Lcom/fyber/inneractive/sdk/player/controller/wQN/kjiE;
AKzttUMnVSHIa	type.googleapis.com/google.crypto.tink.AesGcmKey
BBmn	dvb:priority
CiZEUMbpk	UNKNOWN
DmktVJb	transfer-encoding
EdlQGtpOl	zza
FeKCRwrZ	
GPq	 & 
IBysUvVEdgPPzG	transition_out
IKIF	PipMg
IfAON	sRGB IEC61966-2.1
JBamsAXUO	lines
JbubCpIEvUVCsKn	{\"Content\":\"
LDhLq	zzaj
TGDY	unity
UsHDpeoNd	java.runtime.name
YnVU	darkolivegreen
aBAsNvz	name
aCPkWOIjOz	DEFAULT
agaghFbFV	image
bYCoEQvUapmDm	Index:
bqNkNfE	, showNotices=
dOsxYAxj	0.825731049
fqcolP	identifier_
kigQp	
kxNzTtbhzuw	video/3gpp
kxiyqBdI	gads:migrate_call_from_schedule_at_fixed_rate:enabled
loAeGSkw	)
lxHgAAuQJdoCm	, first=
mhjwFpOMxV	Operation is not supported for read-only collection
nblrmN	top
oqYkegbHof	gads:scar_csi_sampling:enabled
plIpve	rslt
rwGS	filled
uIsSBcXYUNhGKH	null cannot be cast to non-null type androidx.compose.ui.text.ParagraphStyle
vSiZIdCaxns	x
wRpVXVVjkHKGWEN	gads:ad_events_for_scar:enabled
wZcKxuGw	 is null
wjWZX	lv
xsf	fyb_static_endcard_tmpl.html
yXxVrjSwhhIpdmR	https
zCFGVcYKIxMC	lightseagreen
zUqBnzc	\\u003d
@Lcom/fyber/inneractive/sdk/player/exoplayer2/extractor/mkv/PAz/rQWSNwVMyL;
AdanohYqx	A7000plus
BXO	The rewarded ad have been showed.
BZsrW	url
CUGA	1
CqXpNA	 url=
CxkLRpCMbSISfQt	A call to createNode(), emitNode() or useNode() expected was not expected
DKuaje	OCTAL
DuJRtTE	layout_alignParentRight
FoHXsQsp	 with id='
GNIELzDcpTwqfPK	s905x018
HcjMv	skuDetailsToken
KBQArfupGGvoGdp	campaignList
KJDlmt	variables
KPr	SpecialEffectsController: Enqueuing show operation for fragment 
KgSRqYPigsmUAd	rewardedAd
NtvDlo	value
OTUa	request_id
OVGNGPIv	gads:native:media_view_match_parent:enabled
OdzEIQLK	action
PmNymK	Warning
Riki	Min
TvMfzcwe	key
UeDKyeJH	Bytes
XICQPqpRoxeGuiU	app_settings_json
YZWF	_el.id = '
bUNMDD	 from pinging URL: 
cokggFg	, but was '
exnRZMUaCkWw	 
ezrt	rect not exist
gQzENPuGjMRAyyz	succeeded
gchGYDJPNWwlKK	atilde
grJkFAoQUrJSjtD	Not starting OMID session. OM partner name has not been configured.
gxW	E, d MMM yyyy HH:mm:ss z
hLkYctWL	name
imiGtFyP	darkred
jSqlZi	Has a new type of ByteString been created? Found 
kYPmJayx	overlapContainer
kcSYEQHP	measurement.rb.attribution.client.min_time_after_boot_seconds
kyhdrKPDjvjKv	, sessionSamplingRate=
loHBNUFFXV	2606:4700:4700::1111
mYlLhD	device
oISDMBGHGxE	110
qdsIlecJOafgoT	az_aid_info
qmpDxYM	Number has unsupported scale: 
qxt	2000125
rBKiyrspKN	gads:ara_for_native_image:enabled
uZzaOF	image_url
vCjllSqUvgac	googlemail.com
wpUIybOCvhcdkJ	MM
xbZNtMzjjhWPecN	Must have at least 1 detected activity
xhSGbLkTa	originUrl=
xxUJBrVNiYRMzeH	captioning
yJab	row_span
zxogSUiKA	unit
@Lcom/google/android/gms/common/api/sur/wCryfKGlmWASf;
ApJbNyVEaSoBL	output
BLekbG	_v
BTdwAcVu	forceOrientation
BnSHGfQnbYSJqkb	.
CxTunc	198
GELUAci	EGL_KHR_surfaceless_context
MDatTmflGGPCWWI	Failed to execute safely
MpUVpgVYjcKYT	ad_html
MsNsm	allowOrientationChange
NCbaXfXAxspC	web_env_check_js
OVEbGOoGhg	tooltips
PCODxRicbvD	MATT_SAYS_HI
PSvyu	transition_change
QeGcWJdOoktNQ	video_play_page.auto_click_new
RAwbSTZqonHWp	description
RoRFEXCKU	CONSENT_SIGNAL_NOT_REQUIRED
UCWLZ	top
VkKjZLPVizMryZZ	extra_info
VlwVxCtFr	zzf
WcCboQN	zzb
ZfyZN	AdActivity
ZoQ	zzd
arzFmCPkPzX	template
bisWQgTRcorLw	mediumslateblue
dyRlBL	%s - %s include: %b
epj	publicExponent is not set
iBhIpMtxssKA	0
ioguOGzjyb	fugu
kWCawtkwnxusV	LAST_REPORT_SEND_ATTEMPT_TIME
kpk	)
lZA	Api must not be null.
lZJodjwEBCTQGgh	StringOperator
nxYKTicsUYrpwl	Server parameters: 
oJLxOzThbsRCDA	com.google.android.gms.ads.internal.formats.client.IOnCustomTemplateAdLoadedListener
omLIRpSA	15
owTkWHNnL	BS
sKIZnog	Please call setPopViewType() to init.
suOoM	1
vHyxnpcxUkKBH	p_p_c_id
wolf	Error resolving container. Elements that respond to id '
yHiYZA	3011
yadVWkWOn	kotlin.jvm.internal.LongCompanionObject
zYiOSoSihtnBGM	Multiple Retrofit annotations found, only one allowed.
zvrIRvVy	Profile
@Lcom/mbridge/msdk/advanced/signal/a;
a	NativeAdvancedJsUtils
@Lcom/mbridge/msdk/config/activity/gVo/FqkIMkJALSWHQ;
BFJDBfmbarKLdEV	name
BtkUfnlFSCvUGVe	 %02X
CIPJE	Invalid style: 
CRNvbMqlaeSWb	profiles
ClnYMikQJ	audio/mhm1
EDkg	AutoRedirect(allowAutoRedirect=
HRNnBNHEqwgRTjJ	Failed to insert event filter (got -1). appId
IilDNXlud	, Build.VERSION.SDK_INT = 
LVNmqaPVtxo	Error generating signals for RTB
LboJpAc	Protocol message tag had invalid wire type.
LpHgdDhwopS	
MRklqMN	  mHost=
NIKeT	adSessionId
Nmx	)
OFuxtyG	957
PpsIXItxkVDwrD	mode
RsCWEIJ	document.getElementById(\"
TOSGo	http://127.0.0.1:
UXyBpHkcFfmuo	ZGFuZ2Fs
UvxMIOFupx	SELECT_LEFT_CHAR
UznWH	SSL_RSA_EXPORT_WITH_DES40_CBC_SHA
VfdyggoxeFPqt	expressionContext
WPo	LazyField now only used for MessageSet, and the value of MessageSet must be an instance of MessageLite
XFytudaxKbhcwzb	Ping
XWGbbpwcJ	height
XtvRRYqpOZpm	
cBsSa	VideoNativePlayer
dGXBJFyxwSxIYsH	TRCK
dsdCrPM	
eleMKxzDA	VungleThreadPool
fhOfdi	1761777210094
jpfjjnSH	GiONEE_GBL7319
kxRTYQwuwFyL	CommonDeviceInfo
ldlaMLvH	show_type
nOxLinDPfL	exo_cache_buffer_size
oonyECDvlWLAnjd	common_style_config
sbpddzPqAfdtT	zzd
sujEZhKNBXJ	com.google.firebase.crashlytics.build_ids_lib
uEyJGYd	USER_DIR
utNsAAlvl	
vOzdNlDo	, fontSize=
zYeoGBuAN	java.
@Lcom/mbridge/msdk/config/component/cal/sUQl/tVxJvfEhbhJL;
AibObYm	^(.+)\\.(\\d+)\\.(\\d+)\\.v2\\.exo$
AjXwJgdhHOafR	reconnectVPNonNextDisconnect()V
BFq	tk-trace-id: 
CDMMjmuUXFZdq	preload_sort_type
CuzAABu	, 47
EDBsQmWg	#007 Could not call remote method.
FGhbdTKyo	null cannot be cast to non-null type kotlin.String
FpCtNBrrF	DocType 
GoTds	Stopped listening for shake gestures.
IXzT	onStopped not implemented
KJcOdLeHYHuvq	WorkSpec id not found!
KOcywj	null cannot be cast to non-null type android.app.NotificationManager
KRUTsOj	b
KzyVyKYIhMaYE	type
LBFxGUhd	expired_event_params
NftDbhzPZSrwyl	GMS remote exception 
OnrVIkHNseEnXCC	adx_type
UZVmT	ALWAYS_HIDDEN
WQWxfDWB	no identifier in startup state
XsBrordE	is_enabled
YgkCCFQcQ	sound_enabled
aFda	com.android.billingclient.api.BillingClientStateListener
aGTpHzjlFj	onbackblocked
bxzRRAY	press_end_actions
byoUnFxV	getArrayBoolean
cPc	id
cTttHFaKDexA	com.google.android.gms.ads.identifier.internal.IAdvertisingIdService
eFhhbrKrqjKeZ	start_coordinate
eYXwnanmGpaX	app_rating_icon
guuFqLEZKXEnMsP	Firebase-Messaging-Network-Io
gwwMLlG	, clickableDelay=
ihRnawCXT	end
kOclqrcEeu	content
lMensNrtIquCws	BlocklistEvents
lcq	/h5ads
llvNUixkq	Error with setting ad session id
mNkGWasbzp	Finished
nJDRAEYa	, depth=
nOuyqjJBfytrTjB	, mCountryInit='
nRHVBvbnMsEBPS	Billing Override Service unavailable on device.
oxsAzZDONSctn	 
ozfZ	ai
pdSUNfNYzxPQuh	hover_end_actions
qVJFMRHMVzyBEpo	, right=
sUjiPHkChpxTGo	urn:mpeg:mpegB:cicp:ChannelConfiguration
slo	
tMJ	getRecordComponents
tktxZrl	PreWarmWebViewOnBackground
tvdPiWmzSYv	prebuffer_rewarded
vZBgxpqRmIoMdls	COMMUTATION
yRwNaFOsothzu	Feature is not supported by the device.
zUEMMULi	IAConfigPrefs
@Lcom/mbridge/msdk/config/component/info/provider/subprovider/zLIw/qVvFWbrs;
AjEM	gads:flags_check_if_updating_v3:enabled
BedBY	fwd_common_cld
BfiNHlmpRjxCi	Google
CSeARiC	gaid_reset
DnWr	position
EBdfpuG	max_cache_num
EJePwBO	ANR_TRACKER_INTERVAL
GEseSwqBveIzJEh	Error reading extension field
GzZS	, 
IsYrWa	com.uodis.opendevice.aidl.OpenDeviceIdentifierService
IuSTbwexSmlM	width
JNpIEZOg	SV
KGDjUTmGbJOZG	speech
LdfmikyRpBvsPDz	marker
MovcWMej	autocapitalization
QLlXtoVbZptd	landscape
QRtDaCXXWsKWg	AdVideoComplete
RrqJpevLeLwDK	android.os.SystemProperties
SLahzHNK	adResponseHeaders
STv	com.google.firebase.crashlytics.mapping_file_id
YtJGZQnnkO	contentVerticalOptedOutSetting
ZkCYi	timestamp ASC
aGFbntqSvbt	gads:msa:experiments:incapi:debug_cert
aNFMyljpUq	
cNNcNAxNxRj	SpanStyle(color=
cujYEOzxnqwvd	htc_video_rotA-270
eLHkGh	com.google.android.gms.ads.internal.reward.mediation.client.IMediationRewardedVideoAdListener
fLUcxbzhEpx	show_at_start
gujOZQEinH	disappear_actions
iFSiv	last_stat_cb_events_time
iOL	expired
iswLjdN	EGL_KHR_surfaceless_context
jFJR	theUnsafe
jhPBjnys	Open
kHVLAuvOZZZeH	Unable to get message info for 
kWOnDNacW	getViewPager()Landroidx/viewpager2/widget/ViewPager2;
lvbNrQ	feature = ? AND instance_uid = ?
nGDsjUxqPmHP	evaluationContext
nLSNykdUGJabXwu	session_type
nplRVKyKAd	zzy
pEaZJdGKDEsg	use_displayed_impression
ptqPSQI	 1194\n
qAEoWDdvRNBUvZ	upgradeBannerShown
vFZRSVeLaGCBR	method
vzpCwBsx	 children: 
xzBjLlx	UEdONjEx
yWMHzhZM	unitId
yvPIIRmpTzRu	INCOMPATIBLE_PRECONDITION
zGFU	title
@Lcom/mbridge/msdk/config/component/midi/Tz/XPegblvMqecNX;
DtB	UserAgentProvider | populated user agent from shared prefs
EqthhnxRuAOG	market.android
FtBXMUizI	video_play_page.multi_img
GiWTUH	com.android.vending.AssetBrowserActivity
JOBuAwMtuKxcZ	substring(...)
MiqwgXnmNe	Soundtrack
NBaoZscHx	application/ttml+xml
PDcddyyf	vp8
QbHNiKowQlbN	Got exception adding param to json object: %s, %s
QtqQboidameQLW	initial_delay
RneyGszeZqL	video_play_page.ad_component_layout
RnsTSVQFIKJB	---maxWidth:
TKNVPNpO	TIT1
TNG	This feature is not available on the device.
TkxMQqyNoNLtv	data
UELZzOJbcicIpw	SCREEN_BASED
XBmjRhnDZKzgA	Unknown
YMxdKySrVfQLIXp	change_bounds
YkVN	ia.testEnvironmentConfiguration.logger
eMpYMOUW	gyroscope
ehxLN	 stars
gGGZLtmxi	
gPHQAhljLQsYukq	, video=
iqkb	Could not retrieve stream volume for stream type 
jrh	Protocol message had too many levels of nesting.  May be malicious.  Use CodedInputStream.setRecursionLimit() to increase the depth limit.
lPXrDm	SSL_
lzXJJ	index
mpxdxibRFsUCy	request
nfUlvm	http
nsPts	Invalid time querying expired conditional properties
pOTvnhxzDPAwoaR	indexOf
pUXXOu	REQUEST_HEADER
qlOUFcnIAHkysOd	token
rEcChsDGKdxvj	key
rYrHcpWsAOZt	101
rhDZuUzuX	tenc
rhfrFzPK	CodedInputStream encountered an embedded string or message which claimed to have negative size.
tSB	ad_resp_num
tVmuzCgkkXq	serializer
tgDCUELjUY	null cannot be cast to non-null type kotlin.String
wGGCFWrfHDTql	An internal error occurred.
wTVUUETLrpQkHiV	resource_type
yKCqkPxbrF	zzf
yQPiQI	adSessionId
ydHjsOgsT	AssetDownloader
zIkgGXUEiZ	height
@Lcom/mbridge/msdk/dycreator/engine/Is/kXPA;
AcXI	hd
DKI	Unexpectedly could not call: 
EWOK	MD5
EcQSAROw	PRIVATE_ADDRESS
EcTELj	createCodec:
GREOKFMmq	onPageScrolled did not call superclass implementation
HLLjQxtQmjJTVH	items
KRUQDcWGccmCZKp	IsNotPlaced
MyJmFq	, token=
NAGmOcAV	key
OEODsPhXEszLVU	cross_axis_alignment
OLGOdcDtJrSL	OfflineUpload.db
PCbVZIMLZaa	application/x-icy
PwwWLKzHB	adUserInteraction
QspKGrsrIXYgAb	Cannot find value for key 
QuwrOWaFj	size
QzsQgsxT	userId
ShFighetcivCpG	{value=
UbWoRSQivFY	AdMobCustomTabsAdapter overlay is resumed.
VafFueaVZkb	currentAppOrientation
XvB	auto_init
Yvxopsl	NavigatorBackStack for 
cKzTzLvW	<this>
cdfpoxpygcxFWOK	android.intent.action.VIEW
evzny	) is out of bounds [0, 
hAwJCGqUvRbOHi	%s AdaptiveMediaSourceEventListener onLoadCanceled called.
hErQSdPu	, line=
hIfDgHiNVK	...
iGSNEUuPPWVvkdM	ONE
iRPFDBFUHqgrtx	AdRemainingTimeChange
jOe	exception: 
mEjcfwjdTfuNF	android.net.conn.CONNECTIVITY_CHANGE
mIyJNtuRq	reuse_id
mfhDmk	KW
nYIdawWnUpsDb	tooltips
nYbZjAukYQACoj	Failed to parse comment attribute: 
oPzcdqFeaBWaP	]. Incorrect format pattern.
rxgzAgF	gads:mute_webview_audio_when_paused:enabled
sBBnwvdmVNS	timestamp
sBQSJeXuuAtJg	NotifyListener
teeBSEsGdFEyV	start should be <= than end
vuLvVRhDe	transition_change
yNp	prefix
yuruVsYNfS	reuse_id
@Lcom/mbridge/msdk/foundation/error/cse/wLtAqCKffDNSVt;
CkN	[sgtm] Failed to get upload batches; not connected to service
DAtWhOqZDhfoMvX	VISUAL_ERRORS_ENABLED
DpRFdduYdy	enter
DzAmLK	track
Ecij	ImageButton
ElRD	(\\d\\d\\d\\d)\\-(\\d\\d)\\-(\\d\\d)[Tt](\\d\\d):(\\d\\d):(\\d\\d)([\\.,](\\d+))?([Zz]|((\\+|\\-)(\\d?\\d):?(\\d\\d)))?
EmXzDLibriMBPS	token
Fgj	ParcelableServiceCaptorConfig(enabled=
GIQOcCXppt	560
GpjLMYrEOwH	/cpufreq/cpuinfo_max_freq
HEgIHLd	905002
MBdNGH	Index:
NdyfoyeGY	Check failed.
NteByRxp	auto-resume: visibility OK, start() at pos=
ObjLaOxa	data_
OmO	greenyellow
PWldzFcpJMcX	Blacklisting failed (cannot blacklist last enabled track): responseCode=
QLZ	Beginning index: 
QdiI	Network
QgysQcSFmpXna	low_power_mode
STPgtcXGbHar	baseComponentOut cannot be null
Smjw	=
UfoKVTbzsq	SdkConfigurationImpressionValidationOnClickEnabled
VDUpnu	water_mark_result
YmOEimqTjjKTR	Operation is not supported for read-only collection
ZNzvIBwPxoIQ	MBridgeAnimationClickView
ZxeZw	Blank serial names are prohibited
cUCgczkmpR	LANDSCAPE
dBHkHw	The slot id is inactive or invalid, please make sure the id is aligned with app id. If ids are correct, please wait for at least 30 minutes then try again
jGKq	Unable to obtain a JavascriptEngine.
kWYKAraiwzzN	gads:webview_sound_effects:disabled
mvVFQSDoKzNL	MessengerIpcClient
pRWhYbctpSok	NetworkStatusProvider
sbkflswzbnrVFLl	806
tWbbvUKSL	already connected
tflxlGYhTsEjqoo	NavUtils
ttJVwCWkyrVceY	COUNTER_CFG_OBJ
uErJnxMPPShQ	exo_len
uQkJT	expressionContext
vUjsyh	Expression '
vXevkbjzigRp	AppLovin
xJcPAoxDP	GE
yFRSJyGyKC	ENUM
yHCdratmJFXk	playerUnmute successed
zBULBnkhCMV	DefaultDateTypeAdapter#DEFAULT_STYLE_FACTORY
zRKIxYui	zzC
zqKVq	com.google.android.gms.ads.internal.client.IAdPreloader
@Lcom/mbridge/msdk/out/strategy/base/Zv/VpFFVrysRTVAOT;
BUvKOapMWbue	sp_ads_tiny
BmRZdBTC	com.google.common.flogger.util.StackWalkerStackGetter
CCTdbJJs	OMIDLIB
CfGM	isRewardVideoRefactor error: 
GAmcGwDuxlzCoDQ	1
HuECHGHUoRj	toJSON
IHs	%sgetDecodedUri: Failed parsing Uri!
JIrRQM	AnalyticsClient already initialized
KOFctCW	show_acty_source
LSPnqGZtejcVaB	fb_currency
LntEuYr	pager_id
MBE	real
OTIqxvfNiV	key
OVxtTjIZqLVesz	expressionContext
RTHTuWa	failingUrl
RWztHlXakynk	Restricting intent to a specific service: 
StrhavMBzu	trex
TcwkfYdWyWCeUT	lt
VLxNr	 bytes but received 
VevQSJMykIo	Could not update native advanced settings
WLPjhzHmw	AFTM
WPOPhSxCZamS	type.googleapis.com/google.crypto.tink.HmacKey
XFNF	:
YjHcdcR	getLong error: 
YznkWBnpf	; usage of JDK Unsafe is disabled. Registering an InstanceCreator or a TypeAdapter for this type, adding a no-args constructor, or enabling usage of JDK Unsafe may fix this problem.
ZPjwiSB	Array is empty.
ZiJmHjpzLYEXlX	uri
ZirAzkWXCCQd	Buffer is closed.
ZlCBTaRRPcp	MESSAGE
bwgyBMAgL	IABTCF_gdprApplies
cvGLiacBsKpT	Sign-out occurred while this API call was in progress.
czCJxhlWP	tpc
dmFtxtPs	backoff_policy
grBWanpIl	YcvOy2Y9scoLzd9aO/r1q51CuRDPgptfjUczBG/4u9TSMf5O8lCrtIMZ2+ctDcs+
heMMVjxogekiqFg	margins
iujAlWUMQyDBfY	none
lfGpllp	LEAD
mumVUPKpOFDLt	e_type
nBf	network_str
ounMRONvEuoEPL	Integer
pHP	Failed to register event listener on calling thread. Trying again on the dynamite thread.
sCgYcp	failure_click_attok
sKMbSTipjod	zza
shCUhYMpeouSC	; path=
vSO	left
vwZrFnKrC	TransitionValues@
wKYUSuBdZY	Trying to set new max lines 
yAZ	volume
yRHKVwqnCLNSh	''
@Lcom/mbridge/msdk/video/dynview/vGq/PIhfYz;
ABnuit	variables
AmQdsAOb	audio/eac3-joc
AqnhZxneVnhQ	GAID
BDFTjKUHbKmLR	, size: 
DQqdtsUJcbKTOlQ	
DjWP	Current scheduler thread is neither worker nor network
DpIZGYSTc	Origin parameter is empty or null
EDf	getTargetSdkVersion exception: 
FBedG	createView error 
FMpSwuj	A_VORBIS
FycMquqYtXYYBF	', unZipFilePath='
Ghsuwyb	
HZHF	video_play_page.below_area_clickable
IWOHaql	font_family
JosVxJpsPmDywD	UTF-8
KWR	shouldRequestMultipleImages
KcQJpdKoaRlwa	INIT_TO_FAIL_CALLBACK_DURATION_MS
Kee	scale
LfdGK	mbridge_ll_loading
OPJ	QM16XE_U
OclkhsMczPLfa	robolectric
PKeYbIKWc	putLong
RDUbuVnJZOxLkXP	video_start_urls
TjHEJYFOmOnuan	url
UqKxiZbG	neg
WqwGqngvgx	ad_url_list
XhNZtdnFqGhSCbt	network_type
ZJaLnVNaKZA	RewardVideoRefactorManager
ZvlEKCkoa	SDK_INTERNAL_ERROR
ddhJfhEw	le
dfGhaNoTQw	Invalid Phenotype flag value for flag 
dmTpnZPX	result
eXzn	tpAdUnitId
gToMhlwrgHwUE	, 
jJKkPfdadJFymc	if(window.omidBridge!==undefined){omidBridge.
jsWmvV	String element size: 
kXqTjaeCKhQLmw	com.android.chrome
kZXpatWGvMkVmd	Camera:MicroVideoPresentationTimestampUs
lOD	graph_domain
mAAQVQWiY	is_sdk_preload
oiyYyBh	VideoFeedsPlayer
qSnMa	/result
rHb	AAC header insufficient data
sOhrc	kotlin.Function2
twmU	thumb_secondary_value_variable
uwbWdXHcMth	raw_text_variable
vkRw	 channels in encoding 
vrDApPHY	 returned a null result. Treating it as a failure.
wIAJZmCffamB	For given Variant 
wQefyjIsmuBidMv	----
xcF	zzg
xlOHgb	P681
yTWlyvlsl	OTHER
yyuktuNCq	end
zmMN	reason
zpSJeh	jobscheduler
@Lcom/monetization/ads/instream/view/BoPm/fQeKvmSUXDcP;
AjLrpCZhYnkIQvB	code
BXLktbO	06002010
DuxwCZRus	, Description: 
EjyH	rs_ignc_r
FReuljCB	MraidBridge
HtaqXrozA	encoder
IyS	exitFullscreen
JAEKzEm	' to Int
JlyRThHSqW	SMART_PRELOAD_RESULTS
KDiMIV	Analytics Storage consent is not granted
NSADIv	EC
OZLARFyYS	FORCED_IMPRESSION_TRACKING_FAILURE
PHfjovVnQwb	zzf
PzmezEReQZt	com.yandex.mobile.ads.features.debugpanel.data.remote.model.DebugPanelBiddingParameter
QvmEYW	null cannot be cast to non-null type kotlinx.coroutines.channels.ChannelSegment<E of kotlinx.coroutines.channels.BufferedChannel>
SvjUxCvegKwBwED	BILLING_ERROR
UyLmGhvlvIfkzn	Failed to get a successful response: 
VQHMySTxuTY	, adOpenCallback=
VQdoAJldjNFNNVi	Transport backend '
VWsZW	T01YLlNFQy5tcDMuZGVj
WxHG	lat_init
YUTID	urn:mpeg:dash:utc:http-iso:2014
YyAFLmmpGvDpUmM	WorkSourceUtil
aLxdHfP	authority_device_id
aRtEAGecXPQZ	FyberRemoteUiBridge.showPlayOverlay(
hcIySN	collect_build_ids
iPp	Local and anonymous classes can not be ViewModels
iUr	:path
jHSZxCAqkNagMZf	-
jgkDeQ	height
jplyuAZy	first_event_done
jyNOp	ad_format
kMXVRTtwSnHvx	gads:use_stale_cached_signals:enabled
knSI	decrypt
npLVufc	layer.click_type
pxdSevRKioIjb	backgroundDispatcher
ssUmphrKGkEDK	140
tSpGOAGBxu	h2_prior_knowledge
xAyyPnriHeyDVr	
xIMRclS	downloadTimeout
yHUuEysPQ	value
yNMQDN	unit_id
ypUcEvzbxLxwMu	8217
ytbPX	Permission not granted
@Lcom/vungle/ads/jNl/bkYz;
BaYBgC	input
BfciQhOj	Failed to load remote module: 
DBzffSL	accessibility
EtsJ	^\\D?(\\d+)$
EwHOdbUJQRBbYj	, ...
Fijs	campaign_id
GTwFN	BaseMBMediaView
HdXm	DownloadManager
HoLtikMQwDfq	codec.mime 
KUWUBTwkCHhMWpK	functions
KzvJEHNJpJFiazS	height
MCB	: <item> tag requires a 'color' attribute and a 'offset' attribute!
NIQsG	>>request: 
NfQKoDpZ	MBAcquireRewardPopView
SasBCvw	r_id
SeLkImHghNR	https://cdn.userway.org/v1/
TOn	com.google.android.exoplayer.downloadService.action.ADD
UlM	AES
VdvD	doubletap_actions
VyJGm	null cannot be cast to non-null type kotlin.String
WjmvtmiVdFoVcUq	multi_ads.force_staying_time
XezrAokrN	101
YpeGvz	setViewBgColor failed: 
cNJWhxsTy	Data loss. Error selecting raw event. appId
dKpnRkndrJ	stream cache time limit exceeded
dTqvxHBXVvJyQ	u
gtnPfBPhgVjdpl	code
hsm	strokeLineCap
iBipToRJzxad	NORMAL
jgapjojMwKw	 is less than zero.
mUHZ	com.google.android.gms.ads.internal.overlay.client.IAdOverlayCreator
oJRLw	anr_log_
pXnVrZjLGWw	Unterminated string
pcUlqBW	rs_ignc_r
phyvGMWpl	FILTERED_BY_APP_OR_UNIT
qkRqkYNsKkCffHu	cid
qotCCpX	
uikZUtme	
vMqsppfyqZjDu	kotlin.jvm.functions.Function22
vfnhqZxO	f
wVpYmN	Unable to query display refresh rate
xgtwfhmmlvNqaD	onLMDupdate
yCc	ms
ydkA	banner_insert_js.js
zWseYQMRkbX	rating
zaLUMejiSEh	ntilde
@Lei/wtb/WwKDCh;
AqYeGsT	uk
CLAwcICpXDTBUC	/
EEgoduYPz	rounded value is out of range for input 
GOOQ	Operation is not supported for read-only collection
ILGjL	, key=
IeTrRpWsvbuhZZ	row_span
IiFQRGpNwMD	Misc
OcRPHWrN	Impossible relative path to resolve: 
OnXGJ	600001
RNjmCDSmdLyU	Unknown AV1 profile: 
SqzZrdGcFr	CreativeExtension
VNiAGk	)
WxNwqlQXeOvt	unitId
XXIWRhr	packageName
XfDQ	Crashlytics Android SDK/20.0.6
Zji	IDErrorUtil
aao	transition_in
aejNCRULcMr	[...]
eEvHVmAOOjF	click
eYlIZJQxbxUh	gads:bstar_csi:enabled
esBSWflxJamcDya	measurement.upload.max_bundles
eywyEvklPSpCC	Setting process thread prio = 
fThXKKcFVV	,query=
hvlALcPxfp	NORMAL
kgHgs	V_MPEG4/ISO/SP
lMvfmvHYECyBVR	m.maps
lSKzoLdjbUV	gads:default_network_type_fine_to_unknown:enabled
oUzmTk	true
pwEdJyxjNiMP	accessibility
rgPm	<init>()V
sDDfJo	fitstart
tJPffHNfx	is_playable
uagpEgLL	args
vFVVAA	start error
vXEp	Could not get button with size 
wptDK	Padding must be non-negative
yIZlrGg	onReceivedError 
zBgG	
@Lio/appmetrica/analytics/adrevenue/applovin/v12/impl/UON/bpyQUsElV;
AydANXUearm	down_time
BhmHSc	ad_html
BmqeQjOHMcOpFr	Data field length exceeds limit
BqIcYGneIy	ad
BzVHHsqbn	NATIVE
CKAkpb	showAd must be called on the main UI thread.
CVn	background
ERWTqRgX	responseHeaders
EiJfsmhKiX	uuml
FBvVs	ADD
GtlIaEbdDlEk	%sonLoadTimeout after %d msec
LAkt	2000116
MBGhWALUGgYiH	mraid_type
MMdcfQP	 had non-zero Content-Length: 
MXA	com.google.android.gms.appid
McUjbOiHfYVGWqD	)
PSYtHhDO	SPONSORED_BY
PTQFpR	: 
PozCNhJ	OkHttp %s Push Observer
RuzjJQna	Yandex Mobile Ads 8.0.0 integrated successfully
TPPzxBhK	row_span
TsPSOsMVOSuDA	end_actions
UXByEeBhhcrY	local_id
UdLMcPdBdHoC	transition_out
XFQYFDn	unit_id
ZMY	Invalid manifest metadata for
cWFasoGYszOlV	creation_timestamp ASC
csaqExbnd	text
djIek	2000141
efngDWHtfTQe	list
iDWTikwsJqxtFy	taskRunner
ixmDdUfJDQhuVA	view not exist
mfEUCiUzgH	consents_data
nKeILvNiVjyzwy	TargetBasedAnimation: 
pFnFTQDMiFpj	enable
qnaJGocUtWbnM	event_action
rjsmFQIiXj	NANOSECONDS
scvNqvHnbiye	FJ
tkwdcSgTy	Unable to parse HashType: 
tuTXNXvtZkFbvW	Failed to initialize Mintegral SDK
uIbJ	zzS
ulAWEoPuJoS	FirebaseCrashlytics
xjdun	fb_iap_subs_period
zRGUzOjZaylQGIz	Mediated ad failed to show: Error Code = 
zjkmvsEN	PRIORITY
zsyIMzTW	com.google.protobuf.BlazeGeneratedExtensionRegistryLiteLoader
@Lio/appmetrica/analytics/coreapi/internal/cache/fZAR/ALkMHNagnXDRl;
ApwkWY	isSkipEnabled.true
CalCeGzqIJ	animators
DFbnMFjbVEKwv	application_tracking_enabled
DrNI	, 
GmTQNHshA	type-token-raw
HtdL	5
IwtMrPEGLTiRX	Video
JPgPQaqDzezaiet	com.google.android.finsky.externalreferrer.GetInstallReferrerService
JhiOvxHOLjcf	HmeElzU6FU2YZHWn4AE9Bktoyzv5Y/0H9g==
MQzRxLjLq	\\t
OWgIsWtqrHho	UnfocusedNotEmpty
PObgywMgt	refX
QnvChmeI	vpaid_version
SzXyAw	PROXY_OVERRIDE
THXAHHpVKrDUE	dtsh
WlwzRc	Setting ercd is EMPTY and use default code list.
XmQcbSm	ALTER TABLE messages ADD COLUMN app_version TEXT;
YAlqJCOWQ	DTSPR
bOAaqRMZPuCXZrE	adchoice_size
biOVt	value
ccNFXitHDkApW	params
eRNnrBnk	c_t_p_t_l
fFONejVz	campaignId_
fpeDXsU	enter_key_actions
inVdsU	Missing property \"
jVEPPbtdENLB	_ae
liiJfAbk	video/hevc
mBoxGFGWuGGD	No XDataStoreVariantFactory registered for ID %s
nIjxEhOt	getOptColorFromDict
nRLlaOdbdHBtK	ORDER_ID
okFsd	autoPayDetails
otN	' Shapes: 
qyLItNhLFMmpcdU	android:support:lifecycle
sVqRFPpEECHXHsN	gads:catching_security_exception_on_intent:enabled
sreJZjdC	Invalid OMSDK data: missing vendorURL
tlBvdHVEx	
uqouNxLIC	rewarded
vVTTVjrtHJS	longtap_actions
vqEhrxoUzoWcD	argument
wZc	emsp
xTrgI	bg_red
xyB	SERVER_RESPONSE_PARSE_START
yYzLCy	PACT max retry connection duration timed out
yzsQFGdsVkft	currency_id
@Lje/LPWL/FiLAxlL;
BLoEELKkl	#007 Could not call remote method.
CKePxrjdRQflOf	timezone
DJkCMcb	1-2
DYb	mb/res/picasso
FNmo	Preferred decoder instantiation failed. Sleeping for 50ms then retrying.
FOwVJWwpiMqTuF	PARSE_ERROR
KvLjHIlUAPy	 already exists (
LYYzZNoiHpiWxst	window.vpaidwrapper.getAdExpanded()
MQXYrEwTV	path
PMdYSQNzUQoQjk	INAPP_DATA_SIGNATURE_LIST
SSAnnnEKoPBuD	NalUnitUtil
TOZGxnwGXHSUFp	Type cannot be packed: 
TwN	id
UHY	MonitorNetworkTimeout
UpRpTNtf	
VRQrKtCzwr	hover_start_actions
aZngikImtmTJf	PathParser
bgLGRZh	(?i)(sign.*(up|now)|registration|register|(create|apply).*(profile|account)|open.*account|account.*(open|creation|application)|enroll|join.*now)
cKdAXofJjxGcRF	ShowRewardListener
cjTjaTmT	Can not use ECDSA in FIPS-mode, as BoringCrypto module is not available.
fLosB	zza
flusUSlkKMiN	, endIndex=
hyCggOxLX	ComponentUtil
iEWEU	name_
icAcGyz	color
jYjg	bytesConsumed is not aligned to frame size: %s
mnjLPeiqxMkwRi	AdUnitId cannot be null.
nIpgOa	aspectRatio
nklFd	, uiData=
rUMstOgfiQzwg	ruby
svN	&to=0&cbt=
tEUikxSrWkh	protocol
utO	The paused composition has been cancelled
vZRaEcBBFTD	com.android.billingclient.api.ProxyBillingActivity
wKYmDo	name
@Ljk/mVXh/iIYLSkCPIqKiJ;
AkCNbkRAjXbpk	f
BHqMxJWyPqdzWi	
Bnp	KS95o7MbZWIdKuBkGY5EucArwEmarpDzvrPJlr4r6NTEwXHZ52g0Gof8SUaYNmWh
CEreVnWsLqJ	decoder
EFIpA	SINT64
EZLpqPMkiw	gads:open_gmsg:set_uri_data_and_type:enabled
GJcLrrUbtpIHiZ	Color transfer 
GLtt	Failed to remove 
HTQPGjxoj	319
HpCslSudBJ	rewarding_side
HwneyCAL	gcm.n.analytics_data
JyIhOilD	indexFilePath
KHCoxT	JS-Video-Brigde
LBTnhc	::cue
MfDv	IPv4 public
NPolRKL	y
OeYGl	%s unmute maxVolume = %d currentVolume = %d targetVolume = %s
ROqnBv	TLS_KRB5_WITH_DES_CBC_MD5
RyinTXG	RESOURCE
SpOU	916004
TGlnoiJpsjACG	campaignId
TWuYsrSCOXcOFWW	Failure(error=
VDlKexBGpCSnOA	adapter
WgLrHkv	accessibility
XJQGzLNJdVRqCgF	Retry request is not executed. consentInfoUpdateHasBeenCalled=
lnFxEiWOmgjXfG	zzc
mTfeihCeSXLv	background
ndV	FREE
pDhPUYRGHh	cot
qZDMG	range_http_data_source_high_water_mark
rsvAF	errorCode: 3507 errorMessage: data load failed, errorMsg is 
vDYXRl	width
vQv	This method lead to boxing and must not be used, use writeContents instead
wTwkB	ms
yBKGZBX	UNKNOWN, cause=[
zMFkoFRwurYw	 : 
@Lk1/Vhv/RaCAqyI;
AjDVIcIXS	@color/
DNrF	Failed to inject default privacy icon
ESi	', categoriesPath=
FVjwjsbC	dpi
FsHQYlqNDNQi	The country where the ad request comes from is not supported, please change your country to RU or US and have a try. Besides, check your COPPA setup on bigo's console. The app will fail to send an ad request if it's targeted children under 13.
GIfrNmAtgrJeJ	null cannot be cast to non-null type kotlin.Double
InAqmlqzXiiSGGf	resource buffer time out
InUnaUwQ	text/vtt
JyOu	mbridge_reward_popview
KSNH	retainBackBufferFromKeyframe not implemented
LLj	DIVKIT_FONT
LWCkUwbuuIVldly	identifier
LxNvbiDk	
MPLYCUbLY	TPE1
OlYVwwXr	TN
SQmBYEzwP	open
SbnumvknlONP	, bitrate=
TIwNRSNeHlLQd	player release IllegalStateException
TkwUnuB	DOUBLE
VEXEiwrKnvNY	UTF-16LE
XCPYc	Error: requestLookaheadRemeasure cannot be called on a node outside LookaheadScope
ZFuBre	media
bPS	IOS
bjFENTurimrQR	R0KTYl+9Bi7RshEQmYhK/YeVyfjIkHliDPJVeC+XBbAz0q1EMlAcoZ8JeP0fdmTX
bmr	not connected
cVFglw	Vungle
cjckdJNVtufZ	value
fCCJTheWhnfWeL	Unsupported commandId 
gNbIavzmPDKeX	CERTIFICATES_SHA1_FINGERPRINTS
gTpmzogqskD	8
hwRxycEtKcBzrG	\\'
hzdNXqoFGnB	omsdk
iKDvQOzYvKQsyb	$jsonContent
iUlc	collection too large
jEQhoQIeyLU	: 
pBKs	addExtraParams error, params is null,frame work error
@Ln5/aUo/ZCTVYeCDDRpDiY;
AGbfVPBLmSTlGcr	Failed to rename 
BpmiIUKi	functions
CKdb	2000147
CygH	UNRECOGNIZED
DRICdplq	appID is null or empty or INTERNET permission is missing
GQfUhjWOMtl	os.version
GiFPQAGLlUxQJIq	io.flutter.embedding.android.FlutterView
HCvhuYXGMLuHY	unit_id
IODfaNFuGQoyyF	name
JzncnoQB	
MktSePNdwycdwF	ene
RXJwMlUcXcCrK	 and payload = 
UxLvidvpX	is_enabled
VKZnrGOfSB	ks
Wxjz	.gif
XKSlmVtziXreX	Google
XQKuVmiLFV	CodedInputStream encountered a malformed varint.
XiEadQt	com.google.android.gms.ads.internal.mediation.client.rtb.IInterstitialCallback
aJQFCEBzRBIVCDt	Bundle returned from 
cRkyiwQzZiNDbE	
dUZQEZ	_logTime
fFEZlZbIxAY	url
fVgHNpV	RelativeReflectiveCurveTo(dx1=
gwpsEfOWM	igniteVersionName_
hDrAHHA	%s : NetworkRequestMarkup : set start connection timestamp
kmXEnOuXMEAKxHr	Cannot provide null context for the database.
lIUc	cta_click
mIumytxfKDcX	android.hardware.type.iot
miBrAdsvl	s
mledwJpVuaZVLDE	#007 Could not call remote method.
nBnW	AdWorker(
nmgZ	max
pYWuOZCrwwBBVnV	https
qOUbFcnZQfRpS	click
qjdmM	GoogleApiHandler
trYoCSPGUikliur	<Image>
uJtyFYVVqjCEUAN	
vBgqxU	x-goog-api-key
xgRwYevbHF	null cannot be cast to non-null type android.view.ViewStructure
zLmtqUvNefDxcUl	nextRequestWaitMillis
zXsT	getShaderiv
zvUscpdIuU	window.decorView
@Ls1/HLIi/AwsVXZrLDQHT;
AMsGog	{\n
BYdYUJycIZ	input
BYlAsY	.html
CUCjpkdmcHQxJbX	STRING
CsbcW	Google Play services missing or without correct permission.
DQjIDPwx	rtl_mirror
DloNgbQZBPJRIt	creative
DqKypIQGXnNNjSt	layoutResult
FOqeViPmq	err
FTtfOeaZ	width
GFPjylNzD	color
GGIkCpz	Learn More
GIycdVr	DoplGqb2T7yuEuU5Q/qB4xZESNb88h/QJW4dcmkvxhTQcQzfkR6CzgZ/7IxnBujg
IyNOajrTlNPrB	Function8
Jnp	Unknown AVC profile: 
LCDEjgNdXiTATj	ByteString
RAZFhkewAGiBmHM	huawei_oaid
UDzSdvDBIOl	HMAC_SHA256_128BITTAG
UcAuvoCfreLyu	T01YLmdvb2dsZS5yYXcuZGVjb2Rlcg==
WXXC	cancellable
WlHaok	i_str_eq
XCQwlDWXjh	authority_general_data
XODFTOoXpDp	%.2f
ZCBfcQEFiqRYa	authority_general_data
ZEsTq	; secure
ZhDitnrJj	The composition is disposed
aqzyUFE	fb_iap_test_dedup_key_used
dQklCmoimPo	
elTNXzGsbeYaNi	EVENT_TYPE_PURGE_BUFFER
enAr	android
eqkRCwPB	Infinity
gZxIokeTAq	%1$d*%2$d
gzVDHVZVAie	TIME_OF_LAST_LOGGED_SUBSCRIPTION
hMgWdESWerQDZAl	Linearity.FontHinting
hgBviiahn	NATIVE_PLAY_ASSET_TYPE
iXGStFZxCuGXt	
jgNGelJIei	android.intent.extra.PROCESS_TEXT_READONLY
nJFYuTG	\".
nPkkTpNWT	getAdConfiguration
nzxwiRGcroiW	consent_status
pZY	confirm
pauIWfYDuLbQzdi	states
phnmg	cityName
plLQ	Could not create H5 ad, too many existing objects
rghaYIRgcNiBPVZ	byteCount == 0
rkK	corners_radius
rpDnAIcPcjTa	Cannot advance the iterator beyond 
sKD	mbridge_iv_pause
unJX	variables
usZ	zze
uyLDOXUdnohUOYr	audio/opus
vSBfVZDYFPo	type
wmSDmjgdPdBjL	Failed to retrieve TextView#
xmOjHbsDLzUv	status_code
zSQgkezBTZuLsmU	%sunbind called. root is %s
ztW	user property
zvLQ	daily_public_events_count
@Lsg/bigo/ads/api/popup/zg/gBFwJ;
AKgCUEGodj	privacy
CVCtTBdKb	([0-9a-fA-F]*:[0-9a-fA-F:.]*)|([\\d.]+)
DER	MAX_RATING_VALUE
DLncQh	cost
HpEaE	arec
JAHs	id
JvukRzaFVcGS	
OgLykAMZSxFBl	javascript
PzOXmmQBoU	openOptOut
QmHSbwKFrHkoy	corona
REZWvKaG	GET
SFPGFVceHK	europe
SkcWQlWS	Expecting seconds in [0..59], instead got 
UEGNVBMrXf	mb/res/.MBridge_VC
XkBMDtp	paddings
XqcciGICo	cache_resize
Xweue	DialogFragment 
YPCcxmhYhy	
Yvh	VastProcessor: 
YwLdB	IntRef(element = 
ZVcfzzwstbBGH	android.permission.ACCESS_NETWORK_STATE
Zyv	id
aFfyqNbekOjwT	accessibility
bkSCazru	circle
cXUxPUHXvPAtdRY	image/heif
dVJqdPWrPWSal	rubyPosition
dtxEjctawnOxI	top
ehhIAigGRWR	nativeObjectNotCreated
gWyo	session_data
iNLWvri	result
jXexXobnGoQi	active_font_variation_settings
kKQWuMmrTlXG	value
koiwWg	MBridge_ExoPlayer
lIq	last_migration_api_level
lWTNyKtKucbNifY	 reached
ltHhuItVtcIPG	TaggingLibraryJsInterface.reportTouchEvent
obML	, reviewCount=
odAlAUsiPzPC	descriptor
pxkvKprMJFTbBqO	NU
qerpXPlQHNxs	idTokenRequested
sBU	Delay for: 
saHAlX	_sid
tdapGRGodlzT	app_indexing
ujSp	Unsupported MutableState policy 
vBLZbduojtBVSSs	AviHeader not found
vvTI	events
wmHabUESkIxhY	Unable to convert value to Integer.
ySFcjSfWwE	L63
ziBlZcGAvK	key
@Lsg/bigo/ads/bx/JTtm/EkdnsIseoD;
ABktl	ad_unit_id_settings
AjooUqXvpe	resource_type
DAejbfUnGYF	FLOAT
DnNUU	UTF-8
DrfCmt	While parsing a protocol message, the input ended unexpectedly in the middle of a field.  This could mean either that the input has been truncated or that an embedded message misreported its own length.
EXibRINCDmcbdjo	protocols
EyzABOcmWDXRDv	data
HpGGSzUh	51
KbrOkHtL	model
KndiBQc	Signature check failed.
LOGDf	MBBidRewardVideoHandler
LTzoqRJdXrg	Querying owned items, item type: 
NVADNnCLTqIYkpD	descriptor
NmZItqS	getLayoutAlignment
OstElWjiAsKs	TtmlDecoder
PQrv	LdxThdi1WBK3i+xBJnlFh+z04nhBioPUY7K2H7HBYFPTWrPQJoKEYbfThF5TJ7Q/HM==
QEllaOfzpzzvn	gg_service_ver
QSvlKQr	connectStart
QgOaVgWfyF	For StructureKind.CLASS please use 'buildClassSerialDescriptor' instead
RDbZaKgm	appContext
RmRUlMNMnBmjSz	 events:
SWpBMzeWbc	Unable to get native ad view bounding box
SbWBbz	IDynamite loader version = 2, no high precision latency measurement.
TndsBJnIBL	MBridgeBaseView
TnxN	context
TpR	TILE_REMOVED
VKGCFSO	layout_alignTop
WrLJgH	ICY 
XewovZHVFoRKQy	gzip
XqNYzXlFnScFOru	815
YKYCwcWBWbkjhmW	call to 'resume' before 'invoke' with coroutine
YqH	native_info
hzrnPuZ	CCPA
iDTqHILrsOWTO	CARDINALITY_REPEATED
krQoKo	\n  
mmFlfAUzluEHwL	skip_time_sec
nVrut	ET
nbsCZSTNl	, flowLayoutData=null)
nfFtJKUDPCL	#FF
oWFKNAZrCE	TYPE_PRIORITY length: 
psZFbXmEy	Failed to cache settings
qhw	\nThe InputStream implementation is buggy.
rIUjtVkKjKDMy	ImpressionType/CreativeType can only be defined as DEFINED_BY_JAVASCRIPT if Impression Owner is JavaScript
rYSdYPcJJyL	SENTENCES
ruMW	press_end_actions
sMdiafTDhbnHvid	decode(...)
sZKVRdyQd	link_type
srYDd	\\u2029
tauOSpRdHIjeRP	Google Play connection failed
uIxDBHxhtrVRiX	requestHeadersStart
uJROCUDt	Update foreground time
uTFNbpvSCkiP	]
wAhWKUzHavr	appName
wCijx	pure_mode_state
wundNHwWeFi	(select count(events.id) from events where events.session_id = sessions.id) = 0 and cast(id as integer) < ?
xolxGT	)
yePWbllowDE	MAL_17.0.41
zrWKlD	progress
@Lsg/bigo/ads/dc/wAg/NCHvDSnteNTJ;
BCyKY	|\n        
CngglvVGX	com.google.android.gms.ads
DdVtn	Failed to query underlying media codecs
DzxRayCfetxuTv	daily_conversions_count
EVPRIjQzCABeR	Null encodedPayload
GuLzIuJC	eids
HzNuEQ	Channel was cancelled
KPeEEkizhfgRWp	PersistedInstallation
KYC	user
KapoUaNlMrDOBqm	FOURTH
LLFAlb	V_MPEG2
Npk	marker_mid
QszHJewZSwrKf	BidNewInterstitialStrategy
TPDbPJXUgF	Warning
aOAJJCZKPe	success
aPps	android.intent.action.BATTERY_CHANGED
alV	call to 'resume' before 'invoke' with coroutine
bWTMhGsx	
cAVdbrgDQKviyjJ	impression_tracking_failure
cGVBmAcy	Value '
dMkNyWxr	allow_acquire_id
ePLpwjGCPG	Playing
gXJgsFO	forced-subtitle
gqhJjlDmqzGFOQP	PAUSED
iXJnkkab	extras
isSqWcCRMWFBcs	transition_change
iybGeozGcRiXy	navigator name cannot be an empty string
lgCBVHOeCNsxa	[ \\.]
lnRyI	do_
losTxY	appVersion
mhZopGPEuiEB	DebugPanelAlertData(title=
qcmZOJgVOqop	:
sJoiCDX	GRAPH_API_DEBUG_WARNING
tMoPzWqEzUakCUS	android:establish_vpn_manager
tlAYpuTiBpvq	XZ
wCixlDDPiIOZr	UNRECOGNIZED
xYowI	unitId = ?
xhSM	Primary
yWzBOBWPpbh	18
zEwhKzQe	Stored value '
zlqxYW	NULL
@Lth/xrV/fralfGbMRlRHM;
AQVKdbqVMk	gads:adshield:enable_adshield_instrumentation
BfTrBMBol	 = `%s`;\n
CPqwWHYBeBs	cadetblue
CUwepKd	es
FyRWazv	e_code
JQhOOlSK	type
MTCHyt	Unexpected leading comma
MjdmR	Super calls with default arguments not supported in this target, function: throwIllegalFormatException-ec-iVKA
OQb	.avi
OlLPtPK	null cannot be cast to non-null type com.yandex.div.internal.parser.ListValidator<T of com.yandex.div.internal.parser.ParsingValidatorsKt.cast>
OoUXQFRgm	(
PuT	alrbs
QfkuTnL	orientation
RrEiYepPow	invisible
SAlUlRvG	args
WNdfwFZLjeV	%deviceid%
XXGWoXBDxuyn	CommonRequestParamsForAdd
XbJyjrxWOEILSW	asset_uri
XholXPedI	content_alignment_vertical
YOPJWzwOzncbQq	start
cUnySUvofopaDJl	
cVMkzQQix	type.googleapis.com/google.crypto.tink.AesCtrHmacAeadKey
dDLPlcmYm	DIRTY
eMUlrqkiZiLsqF	androidx.activity.result.contract.extra.SEND_INTENT_EXCEPTION
fIrNIHkgzID	zze
fkSjWHwaA	getAdQualityVerifierController()Lcom/monetization/ads/base/quality/AdQualityVerifierController;
giGM	BorderModifierNodeElement(width=
hFSlsmAzWh	alignment_vertical
iuBuFIA	head
jLOSrDvEMQpN	 was not found
jOtrXBVVBmwdjl	creativeType
jiigmPiIE	DIV2.TAB_VIEW
nLxCmQSATUuPBo	cache_duration
qeBYzJRL	XA
sHcivYK	AD_WAIT_WEB_VIEW_LOAD_FINISH_ON_PRELOADING
shjQA	, proxy=
tZYYvi	life 
uEkfqrutfe	AppCompatSpinner
vgRSPOUfmSvouRn	zza
wooMxyhNZNEi	, error message is : 
wpUqaPV	Another SimpleCache instance uses the folder: 
xTIJLtlXY	pact_init
ydumYvNpTgzxB	FAILED
zhN	rid
@Lx0/GUe/dGMwCHOyvxaB;
BxKdIRibjJmrm	cache_req_status
FkZChoZ	data is empty
IvOAFjBTaDL	scheduleRequest error, slot is empty, slot id=
LDQbxpUGNEhWk	his_reason
MPYlnmw	INVALID_PAYLOD
MxBo	transition_triggers
NxQWmKWxkLq	, cursorOffset=
OgHSHXcG	u_stid
PvLd	dac3
QNLu	show
QfNuIP	Uri extension must be .pb: %s
QxroKqT	, configId=
RftJro	EXITING
RjlXyhzXVeGy	asset_id
StDA	support_gif
UGALkXPFCWdKkU	value
UNbASUQVYqHK	link
UTDcVfj	dialogConfigData.optJSONObject(i)
UvgM	ViewOptionWrapper
Uwf	click_type
WdRFtCiShupECg	']
WgwhIMkYHXptzZ	android.os.action.DEVICE_IDLE_MODE_CHANGED
YFmFoivbyBe	<this>
ZSirKignrPQJFi	 id=0x
ZXbxk	it
aBEimfRZolPRFg	. Are you overriding LocalView and providing a View that is not attached to the view hierarchy?
boAK	Can't get fragment for unexpected activity.
ceSbJaYJAfuVV	preload
ecxEaIdF	adapter
gRYYBCKIaWDqg	killswitch
gmejORGRJQoGKaw	type
hwnLSEFmjW	type
kewIwC	, timezoneOffsetSeconds=
mIs	getString(...)
nGucy	com.google.android.gms.ads.internal.h5.client.IH5AdsManagerCreator
pbjleaxjSqirG	open
qluxnSADQrPVWj	Found non-secure tracking event: 
qpZdtHMBdb	, networkAdUnit=
rPgCojWQTHDzd	Failed parsing fontSize value: 
rQl	
sYUtXcmfOoJFcYc	time
spKv	packageName is empty
sqJyJOLxOJa	JAVA_VM_VENDOR
tFWBHWhJ	transition_out
uKSXBkcV	FragmentManager
vtWQnz	match
@Lyj/ulB/uwZRY;
ALbZkXAQxZ	Clip
CODxvzRfepWs	OPENED_IN_EXTERNAL_BROWSER
DKVdDup	summary
DdPfKbDBQvaTy	activity
DdeH	url
DlxIGzbT	module
EWImWdnkGfJhJgY	AwaitTouchSlop.initialDown was not initialized
GmuAARAufj	\\\\
HXAnRoC	CustomClickHandlingEnabled
IFBkiZBqqJyuRaT	border
IjWDmWrFLH	subs
JEW	Linear
JzmU	Value '
KaOXCSYAfFXhpVJ	bundle {\n
LsUNyejHZd	hover_start_actions
MgwtUJFiiEtB	null cannot be cast to non-null type androidx.compose.ui.semantics.Role
MwO	
PYRANuBmnfwdH	custom_mute_enabled
QusigTjyN	*.
SCwHaVHahjMq	
STSLNASQ	_resumed$volatile
ScHURBxqMYc	Destination 
SsWVjxwEaArgN	view_name
UJiwFKRAl	.midi
VOfRpqXUs	INTERSTITIAL
WphSRvW	Save
XQFaUe	SYNTAX_PROTO2
YETFcORWOSGoV	com.huawei.systemmanager.optimize.process.ProtectActivity
YSFbQJfQFo	HTTP_1_0
YkwDgC	android.intent.action.VIEW
ZYDQXqDHqvO	string
ZpQIsM	np
cMSGSv	Null files
dDYqZOWBQb	pkg_ver
dlOUO	fixed
gdsJwfpr	</div>
hZR	raw
jnuYJCZPjxaViI	data is empty
juLzPwhoUweNm	user_consent
kAYZMPAYEI	Wrapper
kHZ	null
mljG	com.android.billingclient.api.BillingClient
nXgKgiyyJn	AD_DOMAIN
pYgvAN	onAddGeofenceResult called multiple times
phXXGJiMm	X.509
rCpNVBLaUGTBE	allow_empty
sXLzU	ip
tHGSlumFWGJSwv	'wght' 
vNPQzfBFWp	closeStream
@Lcom/mbridge/msdk/splash/signal/c;
a	SplashSignalUtils
